Date,Open,High,Low,Close
1-December-2017,,,,5194.58
4-December-2017,5210.56,5227.14,5170.09,5196.97
5-December-2017,5196.56,5200.77,5151.05,5196.01
6-December-2017,5194.60,5207.07,5146.28,5149.56
7-December-2017,5154.49,5214.42,5153.94,5207.44
8-December-2017,5224.51,5264.61,5222.37,5258.62
11-December-2017,5270.07,5290.01,5268.87,5273.44
12-December-2017,5268.81,5278.96,5236.31,5239.82
13-December-2017,5242.07,5259.76,5199.57,5211.37
14-December-2017,5219.60,5232.28,5167.72,5206.31
15-December-2017,5238.62,5275.49,5238.60,5270.76
18-December-2017,5270.45,5329.76,5147.03,5306.23
19-December-2017,5320.08,5373.02,5315.86,5371.00
20-December-2017,5383.12,5417.38,5375.91,5397.80
21-December-2017,5405.12,5458.60,5404.84,5453.69
22-December-2017,5468.10,5491.10,5455.81,5466.62
26-December-2017,5487.77,5493.30,5469.47,5483.74
27-December-2017,5496.48,5517.61,5466.15,5489.13
28-December-2017,5498.91,5523.68,5488.08,5506.42
29-December-2017,5519.12,5551.24,5518.60,5545.91
1-January-2018,5560.88,5591.53,5539.46,5544.87
2-January-2018,5554.62,5572.24,5467.55,5491.48
3-January-2018,5498.38,5543.35,5498.31,5527.33
4-January-2018,5544.78,5582.89,5540.58,5577.88
5-January-2018,5596.50,5631.80,5596.50,5627.91
8-January-2018,5650.78,5678.98,5649.84,5669.73
9-January-2018,5678.53,5686.27,5643.03,5662.28
10-January-2018,5672.20,5686.57,5632.40,5656.10
11-January-2018,5666.96,5688.82,5653.46,5669.26
12-January-2018,5684.60,5697.15,5616.75,5659.60
15-January-2018,5677.34,5700.81,5658.48,5663.90
16-January-2018,5673.26,5678.14,5561.34,5574.21
17-January-2018,5572.71,5619.82,5490.85,5610.97
18-January-2018,5640.22,5653.95,5492.02,5522.53
19-January-2018,5528.93,5588.56,5505.89,5581.39
22-January-2018,5587.55,5604.06,5565.97,5600.61
23-January-2018,5612.34,5654.46,5611.54,5629.55
24-January-2018,5629.03,5655.29,5585.55,5593.72
25-January-2018,5602.25,5610.97,5553.78,5558.68
29-January-2018,5578.83,5592.40,5503.44,5509.47
30-January-2018,5503.13,5503.21,5463.01,5471.09
31-January-2018,5469.78,5482.10,5408.47,5435.96
1-February-2018,5443.78,5479.41,5363.85,5446.79
2-February-2018,5422.77,5424.48,5201.13,5228.14
5-February-2018,5174.42,5223.07,5068.26,5207.60
6-February-2018,5079.46,5154.98,4979.77,5123.06
7-February-2018,5173.27,5224.20,5145.49,5158.90
8-February-2018,5175.10,5271.18,5173.74,5259.03
9-February-2018,5201.11,5285.47,5167.92,5274.40
12-February-2018,5303.19,5358.56,5302.69,5345.66
14-February-2018,5374.87,5396.01,5337.79,5347.51
15-February-2018,5357.47,5377.29,5287.10,5306.16
16-February-2018,5310.52,5344.50,5232.50,5254.21
19-February-2018,5265.57,5270.84,5162.73,5210.50
20-February-2018,5207.31,5230.99,5186.96,5204.47
21-February-2018,5212.98,5229.33,5183.50,5212.28
22-February-2018,5206.34,5223.55,5192.20,5201.03
23-February-2018,5200.51,5284.60,5199.84,5281.99
26-February-2018,5302.42,5325.48,5296.72,5320.71
27-February-2018,5330.67,5347.76,5300.13,5304.86
28-February-2018,5289.54,5318.17,5252.09,5310.40
1-March-2018,5312.04,5339.43,5277.11,5283.68
5-March-2018,5274.70,5274.90,5218.49,5235.86
6-March-2018,5256.50,5282.29,5169.41,5180.14
7-March-2018,5173.85,5173.85,5092.40,5099.34
8-March-2018,5113.95,5138.96,5052.23,5122.28
9-March-2018,5135.13,5148.69,5095.62,5104.75
12-March-2018,5125.11,5159.68,5100.71,5152.08
13-March-2018,5148.85,5210.58,5141.79,5198.69
14-March-2018,5193.19,5210.24,5179.33,5204.99
15-March-2018,5211.05,5239.67,5207.91,5217.97
16-March-2018,5224.68,5230.24,5149.84,5159.03
19-March-2018,5166.67,5174.74,5066.75,5074.69
20-March-2018,5061.39,5092.71,5031.23,5079.03
21-March-2018,5088.95,5136.16,5080.20,5088.57
22-March-2018,5096.35,5105.11,5051.47,5056.85
23-March-2018,5016.33,5016.33,4939.82,4984.80
26-March-2018,4987.91,5052.67,4956.02,5046.72
27-March-2018,5061.05,5119.71,5059.46,5109.46
28-March-2018,5105.72,5105.72,5069.32,5079.88
2-April-2018,5098.67,5162.71,5093.90,5158.35
3-April-2018,5162.64,5221.05,5156.83,5216.88
4-April-2018,5230.50,5263.53,5161.61,5166.31
5-April-2018,5207.49,5269.49,5207.49,5263.71
6-April-2018,5267.97,5292.99,5254.41,5284.94
9-April-2018,5294.88,5323.89,5293.74,5301.98
10-April-2018,5315.84,5333.34,5298.43,5310.65
11-April-2018,5320.89,5324.80,5291.29,5318.35
12-April-2018,5324.14,5334.13,5297.66,5305.35
13-April-2018,5309.66,5350.78,5309.27,5331.40
16-April-2018,5322.72,5374.36,5306.56,5369.47
17-April-2018,5379.47,5399.22,5367.70,5390.70
18-April-2018,5398.93,5409.30,5372.22,5379.93
19-April-2018,5391.01,5413.86,5383.08,5411.23
20-April-2018,5409.63,5409.63,5371.36,5386.95
23-April-2018,5394.63,5430.61,5383.85,5421.89
24-April-2018,5430.88,5447.11,5412.78,5425.22
25-April-2018,5427.61,5447.06,5401.88,5412.05
26-April-2018,5419.85,5436.15,5410.26,5428.38
27-April-2018,5440.10,5469.79,5439.91,5456.74
30-April-2018,5465.43,5505.10,5465.20,5500.53
2-May-2018,5506.61,5511.05,5411.95,5434.17
3-May-2018,5429.59,5430.80,5357.08,5377.56
4-May-2018,5381.85,5384.16,5351.75,5355.22
7-May-2018,5367.78,5394.02,5362.49,5390.45
8-May-2018,5401.61,5405.43,5375.73,5394.39
9-May-2018,5392.14,5396.74,5371.21,5374.41
10-May-2018,5383.00,5393.31,5314.70,5320.12
11-May-2018,5328.10,5346.60,5315.59,5334.04
14-May-2018,5336.26,5345.90,5294.53,5300.63
15-May-2018,5299.62,5355.23,5260.26,5277.43
16-May-2018,5274.14,5288.87,5232.71,5284.49
17-May-2018,5290.92,5307.68,5280.78,5293.96
18-May-2018,5293.68,5296.32,5210.88,5216.70
21-May-2018,5214.63,5221.17,5126.30,5131.36
22-May-2018,5133.06,5154.32,5099.55,5142.92
23-May-2018,5139.13,5160.40,5110.36,5114.39
24-May-2018,5119.51,5138.61,5087.57,5108.94
25-May-2018,5113.59,5194.83,5113.59,5185.58
28-May-2018,5206.32,5264.30,5206.30,5259.01
29-May-2018,5263.97,5288.53,5240.98,5251.49
30-May-2018,5240.64,5267.48,5219.60,5257.00
31-May-2018,5268.87,5279.03,5246.31,5254.95
1-June-2018,5252.39,5257.25,5181.05,5185.09
4-June-2018,5197.52,5210.26,5129.27,5139.55
5-June-2018,5139.01,5144.47,5033.32,5067.21
6-June-2018,5064.20,5137.13,5046.62,5129.09
7-June-2018,5137.84,5204.52,5137.76,5197.34
8-June-2018,5194.00,5224.73,5176.52,5219.96
11-June-2018,5227.26,5259.61,5222.15,5227.15
12-June-2018,5227.33,5261.86,5226.68,5259.09
13-June-2018,5277.62,5290.48,5242.17,5245.06
14-June-2018,5243.81,5248.72,5225.95,5246.03
15-June-2018,5246.42,5259.60,5208.20,5218.34
18-June-2018,5220.64,5223.06,5188.82,5194.68
19-June-2018,5189.35,5189.48,5120.15,5129.70
20-June-2018,5136.64,5150.68,5124.83,5137.30
21-June-2018,5143.21,5153.01,5105.60,5109.05
22-June-2018,5109.78,5126.44,5081.94,5121.04
25-June-2018,5124.52,5133.56,5063.28,5068.48
26-June-2018,5064.25,5076.69,5051.54,5056.33
27-June-2018,5054.89,5059.76,4964.73,4984.93
28-June-2018,4981.95,4982.45,4902.24,4909.51
29-June-2018,4922.44,4991.68,4922.37,4988.57
2-July-2018,5011.13,5011.93,4932.16,4965.89
3-July-2018,4964.68,4987.29,4938.13,4984.66
4-July-2018,4984.28,5002.81,4967.35,4997.67
5-July-2018,5002.99,5008.26,4972.87,4976.96
6-July-2018,4973.59,5023.91,4966.34,5002.87
9-July-2018,5012.64,5072.10,5012.64,5065.23
10-July-2018,5080.43,5123.40,5079.32,5116.10
11-July-2018,5117.40,5130.50,5090.80,5095.11
12-July-2018,5099.59,5138.94,5079.41,5088.74
13-July-2018,5097.98,5102.24,5030.86,5038.82
16-July-2018,5050.00,5050.09,4927.16,4930.38
17-July-2018,4932.89,5012.50,4915.65,5008.15
18-July-2018,5028.68,5038.10,4958.21,4970.27
19-July-2018,4975.42,4979.52,4911.87,4938.44
20-July-2018,4941.34,4986.44,4925.25,4982.70
23-July-2018,5000.40,5040.54,4982.26,5034.84
24-July-2018,5047.64,5125.90,5043.12,5121.30
25-July-2018,5128.34,5150.69,5123.31,5131.22
26-July-2018,5144.14,5151.37,5127.74,5142.83
27-July-2018,5157.78,5197.41,5153.89,5185.58
30-July-2018,5198.27,5207.48,5173.60,5203.25
31-July-2018,5207.60,5221.12,5192.39,5215.86
1-August-2018,5234.08,5246.95,5213.50,5226.83
2-August-2018,5231.86,5255.47,5194.51,5230.73
3-August-2018,5251.64,5284.91,5248.29,5277.64
6-August-2018,5296.64,5318.19,5290.06,5298.09
7-August-2018,5309.30,5310.47,5261.99,5281.09
8-August-2018,5287.08,5308.14,5273.57,5284.94
9-August-2018,5302.82,5315.59,5291.99,5306.67
10-August-2018,5319.65,5324.34,5267.88,5273.90
13-August-2018,5271.14,5271.14,5224.01,5236.56
14-August-2018,5247.94,5292.23,5245.94,5288.45
16-August-2018,5289.45,5301.18,5257.15,5271.20
17-August-2018,5297.42,5328.89,5297.08,5325.76
20-August-2018,5337.84,5359.95,5337.84,5345.39
21-August-2018,5353.49,5365.01,5343.15,5359.48
23-August-2018,5362.78,5366.60,5329.69,5339.26
24-August-2018,5340.24,5348.39,5302.75,5319.26
27-August-2018,5337.33,5388.05,5337.22,5378.37
28-August-2018,5391.36,5406.25,5371.93,5385.48
29-August-2018,5396.84,5428.48,5388.46,5393.78
30-August-2018,5397.32,5416.84,5387.21,5404.85
31-August-2018,5415.40,5443.28,5395.64,5424.50
3-September-2018,5442.35,5468.16,5407.15,5413.43
4-September-2018,5421.85,5423.73,5280.89,5292.32
5-September-2018,5294.46,5295.71,5200.02,5261.01
6-September-2018,5283.21,5293.52,5241.73,5278.99
7-September-2018,5286.04,5328.18,5267.58,5321.71
10-September-2018,5328.95,5333.69,5246.82,5255.01
11-September-2018,5265.64,5277.42,5181.66,5186.64
12-September-2018,5194.14,5200.96,5133.17,5195.10
14-September-2018,5214.64,5272.52,5214.46,5265.03
17-September-2018,5258.65,5259.69,5217.14,5238.73
18-September-2018,5246.79,5258.68,5154.00,5156.96
19-September-2018,5169.59,5178.86,5076.73,5097.92
21-September-2018,5114.51,5134.78,4757.41,4989.91
24-September-2018,5000.16,5006.39,4853.81,4866.61
25-September-2018,4866.26,4873.75,4776.57,4850.14
26-September-2018,4867.75,4889.57,4839.84,4857.94
27-September-2018,4856.19,4861.52,4743.64,4748.86
28-September-2018,4753.71,4768.24,4608.90,4652.46
1-October-2018,4640.47,4654.31,4528.72,4646.05
3-October-2018,4656.74,4674.49,4601.62,4611.67
4-October-2018,4580.32,4583.28,4492.47,4541.72
5-October-2018,4539.02,4539.02,4407.31,4434.19
8-October-2018,4433.63,4434.11,4303.22,4351.77
9-October-2018,4358.78,4372.20,4289.93,4336.97
10-October-2018,4360.31,4498.23,4359.78,4492.81
11-October-2018,4428.14,4478.82,4349.90,4417.98
12-October-2018,4448.56,4532.59,4448.28,4522.08
15-October-2018,4556.33,4557.62,4513.35,4546.64
16-October-2018,4562.26,4615.62,4561.05,4610.47
17-October-2018,4644.16,4661.81,4511.86,4516.09
19-October-2018,4501.11,4515.69,4421.59,4449.30
22-October-2018,4471.64,4475.56,4373.85,4378.80
23-October-2018,4362.14,4377.92,4301.51,4338.27
24-October-2018,4363.51,4393.94,4331.81,4373.66
25-October-2018,4350.40,4356.77,4306.71,4347.54
26-October-2018,4350.91,4382.29,4295.29,4350.36
29-October-2018,4375.96,4446.18,4352.82,4442.87
30-October-2018,4459.93,4489.62,4445.90,4468.89
31-October-2018,4480.22,4540.49,4450.22,4535.39
1-November-2018,4557.15,4610.17,4554.36,4591.36
2-November-2018,4621.06,4668.60,4616.47,4626.28
5-November-2018,4645.48,4657.01,4597.61,4613.61
6-November-2018,4619.04,4636.34,4579.04,4585.46
7-November-2018,4608.45,4631.97,4607.79,4625.78
9-November-2018,4630.58,4663.88,4613.08,4659.61
12-November-2018,4673.61,4685.67,4617.88,4620.87
13-November-2018,4620.42,4632.56,4580.18,4628.24
14-November-2018,4639.77,4664.52,4622.06,4633.13
15-November-2018,4636.26,4662.48,4614.62,4656.39
16-November-2018,4659.36,4673.31,4634.18,4650.44
19-November-2018,4657.85,4668.49,4648.52,4664.49
20-November-2018,4661.86,4670.81,4620.35,4628.33
21-November-2018,4639.62,4648.53,4608.56,4638.95
22-November-2018,4652.03,4660.20,4608.28,4613.25
26-November-2018,4627.38,4634.42,4589.56,4616.37
27-November-2018,4622.20,4639.56,4611.93,4637.14
28-November-2018,4645.83,4645.89,4612.78,4617.97
29-November-2018,4629.07,4642.30,4625.82,4636.80
30-November-2018,4646.40,4680.02,4644.26,4670.13
3-December-2018,4689.97,4698.52,4672.84,4687.05
4-December-2018,4695.76,4708.05,4686.35,4696.20
5-December-2018,4694.79,4698.04,4637.61,4653.20
6-December-2018,4645.86,4645.86,4585.74,4587.89
7-December-2018,4601.59,4610.80,4563.76,4580.92
10-December-2018,4550.67,4550.67,4482.85,4494.66
11-December-2018,4474.18,4570.45,4450.46,4561.75
12-December-2018,4573.53,4668.52,4573.53,4664.60
13-December-2018,4683.23,4719.47,4675.15,4699.02
14-December-2018,4702.74,4720.83,4685.97,4711.12
17-December-2018,4723.12,4734.71,4715.79,4730.88
18-December-2018,4733.59,4751.75,4720.79,4746.97
19-December-2018,4763.49,4800.11,4761.95,4794.46
20-December-2018,4793.04,4810.30,4774.20,4790.29
21-December-2018,4796.44,4810.26,4733.02,4737.44
24-December-2018,4739.91,4748.42,4699.25,4703.56
26-December-2018,4704.31,4704.72,4616.69,4695.62
27-December-2018,4710.30,4727.60,4702.55,4712.14
28-December-2018,4720.57,4760.56,4719.36,4757.33
31-December-2018,4768.50,4787.89,4766.97,4780.42
1-January-2019,4784.04,4789.19,4768.63,4784.93
2-January-2019,4790.42,4790.42,4726.35,4732.77
3-January-2019,4735.96,4757.14,4692.45,4697.76
4-January-2019,4705.20,4724.93,4684.10,4716.24
7-January-2019,4731.98,4753.55,4710.22,4715.37
8-January-2019,4714.59,4726.41,4703.48,4717.89
9-January-2019,4729.49,4739.58,4691.63,4713.34
10-January-2019,4715.45,4740.32,4708.64,4728.22
11-January-2019,4732.08,4741.14,4707.95,4721.04
14-January-2019,4720.65,4720.65,4684.19,4699.35
15-January-2019,4706.27,4732.72,4706.23,4724.05
16-January-2019,4724.87,4755.09,4713.76,4720.07
17-January-2019,4727.53,4736.07,4693.77,4709.60
18-January-2019,4713.27,4719.60,4678.53,4682.25
21-January-2019,4691.46,4693.06,4640.53,4648.21
22-January-2019,4646.29,4649.66,4606.92,4638.97
23-January-2019,4643.73,4662.51,4624.69,4629.21
24-January-2019,4632.31,4641.56,4611.23,4619.30
25-January-2019,4630.45,4642.26,4546.89,4558.19
28-January-2019,4554.46,4555.81,4460.87,4477.01
29-January-2019,4472.82,4497.29,4452.94,4483.70
30-January-2019,4498.49,4509.60,4476.19,4504.92
31-January-2019,4523.62,4538.04,4491.49,4531.18
1-February-2019,4546.57,4587.46,4515.47,4546.97
4-February-2019,4556.86,4557.07,4481.50,4508.18
5-February-2019,4510.59,4523.79,4465.13,4479.89
6-February-2019,4484.29,4488.73,4436.77,4474.19
7-February-2019,4475.81,4517.00,4472.26,4501.22
8-February-2019,4501.00,4501.04,4436.76,4443.23
11-February-2019,4443.70,4444.42,4368.85,4373.62
12-February-2019,4376.87,4394.19,4361.01,4369.74
13-February-2019,4377.09,4394.58,4353.07,4358.09
14-February-2019,4355.29,4381.14,4337.73,4377.13
15-February-2019,4381.86,4383.84,4323.42,4342.18
18-February-2019,4345.43,4349.63,4297.55,4301.87
19-February-2019,4300.02,4344.20,4299.79,4313.36
20-February-2019,4320.93,4356.45,4320.93,4349.44
21-February-2019,4362.25,4397.04,4356.84,4393.42
22-February-2019,4392.67,4415.26,4386.52,4410.56
25-February-2019,4422.56,4433.36,4419.60,4429.81
26-February-2019,4414.38,4431.47,4339.48,4419.12
27-February-2019,4432.95,4487.65,4404.51,4435.19
28-February-2019,4447.80,4466.19,4431.48,4460.22
1-March-2019,4476.38,4523.71,4476.38,4521.89
5-March-2019,4536.04,4625.19,4530.84,4621.88
6-March-2019,4640.24,4678.32,4635.93,4644.10
7-March-2019,4652.24,4661.58,4625.84,4632.01
8-March-2019,4636.52,4640.16,4610.16,4627.59
11-March-2019,4629.77,4708.22,4629.28,4705.49
12-March-2019,4728.41,4761.16,4725.34,4738.10
13-March-2019,4748.44,4755.40,4715.14,4720.83
14-March-2019,4725.70,4742.88,4706.66,4718.42
15-March-2019,4727.40,4752.60,4725.94,4743.16
18-March-2019,4756.65,4772.20,4728.28,4738.37
19-March-2019,4753.62,4778.94,4747.58,4769.65
20-March-2019,4775.95,4776.33,4744.91,4752.06
22-March-2019,4761.16,4775.87,4726.07,4730.58
25-March-2019,4723.46,4723.46,4684.77,4694.59
26-March-2019,4705.09,4747.17,4703.80,4742.07
27-March-2019,4756.19,4789.62,4755.94,4773.74
28-March-2019,4788.27,4821.59,4783.31,4815.91
29-March-2019,4830.54,4864.41,4830.14,4859.87
1-April-2019,4872.92,4911.63,4872.13,4879.11
2-April-2019,4894.51,4899.09,4859.53,4876.95
3-April-2019,4887.65,4911.23,4830.12,4836.64
4-April-2019,4847.74,4851.03,4809.18,4827.01
5-April-2019,4836.18,4864.02,4835.48,4857.94
8-April-2019,4869.97,4874.80,4811.22,4824.79
9-April-2019,4826.71,4833.26,4788.32,4828.98
10-April-2019,4831.80,4849.20,4818.56,4821.60
11-April-2019,4827.45,4834.85,4805.15,4824.27
12-April-2019,4831.43,4843.75,4824.84,4839.85
15-April-2019,4848.68,4875.07,4848.36,4866.17
16-April-2019,4875.65,4887.08,4874.43,4877.45
18-April-2019,4886.64,4890.49,4823.14,4833.57
22-April-2019,4831.59,4831.76,4750.36,4754.91
23-April-2019,4760.25,4779.18,4744.14,4756.30
24-April-2019,4766.91,4777.04,4744.28,4772.82
25-April-2019,4779.71,4796.91,4751.36,4756.35
26-April-2019,4762.94,4766.37,4722.25,4736.03
30-April-2019,4743.14,4743.54,4664.05,4688.38
2-May-2019,4689.19,4701.16,4659.80,4665.56
3-May-2019,4666.44,4683.34,4650.53,4659.67
6-May-2019,4652.99,4652.99,4617.91,4623.99
7-May-2019,4635.91,4648.97,4573.39,4578.44
8-May-2019,4576.55,4576.55,4530.22,4534.97
9-May-2019,4541.94,4542.21,4503.44,4523.63
10-May-2019,4530.50,4551.97,4525.31,4540.16
13-May-2019,4546.95,4547.10,4439.90,4447.07
14-May-2019,4444.13,4475.74,4406.62,4466.39
15-May-2019,4470.69,4487.89,4432.49,4438.83
16-May-2019,4444.73,4457.99,4418.04,4452.11
17-May-2019,4455.41,4497.97,4452.64,4493.87
20-May-2019,4557.55,4651.61,4557.55,4646.50
21-May-2019,4660.45,4664.02,4595.80,4608.31
22-May-2019,4613.68,4624.25,4569.27,4613.55
23-May-2019,4653.22,4707.58,4597.85,4608.37
24-May-2019,4623.95,4709.11,4618.20,4702.92
27-May-2019,4708.61,4776.57,4703.86,4772.31
28-May-2019,4784.91,4788.88,4761.63,4774.36
29-May-2019,4777.97,4777.97,4733.02,4740.37
30-May-2019,4748.92,4768.63,4738.74,4761.78
31-May-2019,4770.94,4794.03,4735.95,4760.31
3-June-2019,4767.05,4815.85,4749.56,4811.73
4-June-2019,4814.48,4840.76,4798.06,4803.50
6-June-2019,4812.15,4812.15,4715.50,4721.36
7-June-2019,4728.13,4743.15,4680.88,4717.62
10-June-2019,4730.61,4753.05,4700.88,4718.96
11-June-2019,4727.94,4755.71,4709.04,4752.83
12-June-2019,4753.21,4754.98,4716.13,4719.56
13-June-2019,4716.70,4716.75,4656.57,4699.03
14-June-2019,4704.40,4704.40,4647.56,4657.00
17-June-2019,4663.80,4663.80,4597.27,4603.91
18-June-2019,4614.94,4627.82,4582.32,4599.41
19-June-2019,4610.23,4629.31,4539.35,4553.04
20-June-2019,4557.56,4624.82,4526.36,4619.22
21-June-2019,4622.06,4625.73,4590.34,4618.47
24-June-2019,4622.67,4624.50,4599.44,4605.01
25-June-2019,4608.25,4638.40,4592.52,4635.83
26-June-2019,4637.02,4669.07,4626.74,4666.80
27-June-2019,4669.26,4697.72,4668.65,4688.08
28-June-2019,4698.29,4698.34,4675.92,4686.56
1-July-2019,4697.67,4708.54,4690.63,4701.45
2-July-2019,4709.27,4716.98,4683.38,4714.24
3-July-2019,4721.46,4725.88,4709.96,4720.26
4-July-2019,4729.66,4735.99,4709.65,4713.65
5-July-2019,4718.68,4722.52,4640.27,4647.64
8-July-2019,4645.78,4645.78,4527.14,4540.03
9-July-2019,4541.17,4554.14,4510.90,4546.41
10-July-2019,4554.80,4568.27,4514.63,4518.19
11-July-2019,4524.63,4551.40,4520.12,4548.40
12-July-2019,4554.83,4582.52,4549.81,4564.20
15-July-2019,4579.67,4581.65,4525.91,4538.00
16-July-2019,4544.06,4568.32,4529.86,4566.63
17-July-2019,4574.79,4578.91,4546.04,4551.82
18-July-2019,4552.25,4552.25,4490.40,4494.30
19-July-2019,4504.82,4510.89,4401.21,4409.23
22-July-2019,4408.89,4408.95,4347.26,4380.66
23-July-2019,4384.89,4390.70,4351.88,4366.37
24-July-2019,4374.71,4380.79,4302.52,4308.42
25-July-2019,4311.29,4337.34,4303.72,4326.10
26-July-2019,4331.80,4350.24,4311.40,4344.17
29-July-2019,4347.90,4349.06,4301.30,4312.48
30-July-2019,4314.74,4333.08,4235.23,4239.87
31-July-2019,4239.53,4282.75,4191.79,4275.86
1-August-2019,4277.09,4286.79,4212.47,4240.98
2-August-2019,4234.26,4260.92,4183.11,4236.83
5-August-2019,4230.78,4230.78,4141.90,4183.54
6-August-2019,4184.59,4262.15,4181.75,4255.82
7-August-2019,4263.96,4291.69,4233.67,4237.92
8-August-2019,4245.52,4274.85,4221.49,4268.59
9-August-2019,4283.10,4318.52,4280.96,4295.50
13-August-2019,4300.52,4300.52,4220.07,4224.58
14-August-2019,4242.34,4262.92,4223.15,4258.32
16-August-2019,4257.84,4275.17,4220.34,4271.23
19-August-2019,4282.96,4298.23,4275.07,4285.63
20-August-2019,4288.67,4290.99,4240.70,4256.35
21-August-2019,4255.96,4257.86,4191.17,4198.72
22-August-2019,4199.00,4199.00,4127.26,4134.52
23-August-2019,4131.49,4173.46,4082.65,4165.93
26-August-2019,4226.79,4230.70,4141.86,4220.21
27-August-2019,4231.92,4266.19,4231.37,4257.02
28-August-2019,4262.49,4276.70,4212.13,4222.83
29-August-2019,4226.50,4226.50,4180.99,4206.13
30-August-2019,4218.15,4256.25,4202.81,4250.87
3-September-2019,4245.31,4245.31,4178.83,4185.35
4-September-2019,4190.22,4196.90,4155.30,4192.59
5-September-2019,4203.48,4222.93,4199.10,4206.68
6-September-2019,4213.95,4239.88,4207.26,4236.40
9-September-2019,4241.45,4282.42,4230.52,4279.39
11-September-2019,4284.48,4321.49,4283.48,4316.17
12-September-2019,4326.52,4342.84,4302.57,4305.86
13-September-2019,4320.18,4332.30,4284.47,4330.66
16-September-2019,4328.60,4345.90,4313.35,4332.44
17-September-2019,4340.09,4348.67,4251.00,4256.93
18-September-2019,4272.86,4286.79,4249.79,4276.46
19-September-2019,4280.24,4282.60,4209.70,4220.44
20-September-2019,4226.99,4466.09,4203.21,4459.51
23-September-2019,4503.61,4600.60,4503.21,4572.41
24-September-2019,4584.81,4600.21,4539.36,4554.06
25-September-2019,4556.37,4557.92,4475.17,4483.33
26-September-2019,4490.65,4525.98,4487.93,4517.19
27-September-2019,4522.02,4526.39,4477.22,4484.40
30-September-2019,4490.56,4490.88,4403.96,4433.53
1-October-2019,4443.50,4452.36,4307.75,4359.01
3-October-2019,4358.84,4375.49,4323.13,4348.57
4-October-2019,4361.05,4373.49,4307.65,4316.26
7-October-2019,4324.31,4324.79,4276.53,4302.29
9-October-2019,4310.27,4351.44,4284.39,4349.38
10-October-2019,4352.96,4352.96,4304.90,4308.14
11-October-2019,4317.30,4349.86,4297.55,4324.94
14-October-2019,4337.61,4363.17,4331.69,4338.91
15-October-2019,4342.96,4366.99,4336.51,4354.45
16-October-2019,4360.62,4383.80,4351.26,4359.60
17-October-2019,4365.43,4432.71,4358.16,4427.73
18-October-2019,4434.13,4506.13,4426.21,4503.60
22-October-2019,4510.21,4538.44,4501.80,4508.06
23-October-2019,4513.90,4536.77,4493.25,4515.82
24-October-2019,4529.30,4538.18,4495.73,4511.10
25-October-2019,4517.71,4525.26,4493.29,4509.81
27-October-2019,4534.66,4556.40,4534.48,4547.82
29-October-2019,4550.21,4607.43,4544.21,4593.11
30-October-2019,4604.02,4625.76,4594.80,4619.87
31-October-2019,4635.50,4694.77,4631.74,4688.15
1-November-2019,4698.81,4724.53,4690.23,4697.17
4-November-2019,4710.47,4733.99,4687.44,4690.61
5-November-2019,4696.77,4705.69,4640.48,4646.20
6-November-2019,4659.31,4660.46,4634.19,4642.28
7-November-2019,4664.68,4676.83,4657.87,4673.58
8-November-2019,4683.26,4692.86,4642.11,4647.10
11-November-2019,4656.62,4674.59,4645.40,4665.78
13-November-2019,4674.87,4678.52,4617.12,4624.16
14-November-2019,4633.46,4641.74,4606.79,4634.52
15-November-2019,4647.20,4669.02,4638.95,4649.19
18-November-2019,4657.96,4684.86,4651.92,4679.70
19-November-2019,4690.56,4692.25,4674.55,4688.65
20-November-2019,4701.09,4710.18,4685.55,4697.09
21-November-2019,4706.62,4709.90,4661.72,4665.21
22-November-2019,4672.18,4673.60,4640.09,4660.96
25-November-2019,4669.66,4711.77,4668.50,4709.60
26-November-2019,4719.76,4736.36,4671.62,4677.11
27-November-2019,4684.32,4711.02,4677.06,4706.37
28-November-2019,4714.75,4750.67,4708.95,4748.55
29-November-2019,4763.15,4783.73,4740.21,4761.78
2-December-2019,4768.08,4769.71,4727.07,4738.45
3-December-2019,4747.91,4749.74,4691.18,4698.55
4-December-2019,4697.36,4732.26,4685.19,4729.06
5-December-2019,4734.61,4740.40,4709.63,4715.51
6-December-2019,4724.06,4728.62,4642.67,4658.70
9-December-2019,4668.70,4693.03,4640.68,4655.19
10-December-2019,4662.21,4664.18,4603.45,4609.51
11-December-2019,4612.36,4637.93,4606.66,4635.05
12-December-2019,4645.26,4673.69,4644.03,4664.95
13-December-2019,4673.73,4710.21,4673.73,4707.02
16-December-2019,4715.45,4719.46,4683.46,4687.47
17-December-2019,4694.50,4711.70,4689.46,4708.99
18-December-2019,4716.75,4721.02,4681.75,4693.51
19-December-2019,4698.10,4710.15,4687.07,4703.61
20-December-2019,4708.88,4722.35,4699.90,4704.70
23-December-2019,4709.48,4721.77,4690.01,4699.82
24-December-2019,4707.45,4712.58,4693.36,4696.26
26-December-2019,4702.23,4707.96,4697.40,4702.80
27-December-2019,4709.28,4750.92,4708.79,4746.45
30-December-2019,4757.43,4770.72,4751.03,4765.33
31-December-2019,4772.70,4784.01,4765.02,4773.19
1-January-2020,4780.01,4798.10,4775.67,4791.86
2-January-2020,4800.46,4850.42,4797.91,4848.75
3-January-2020,4856.81,4857.41,4818.30,4831.21
6-January-2020,4831.92,4831.92,4726.23,4734.61
7-January-2020,4758.66,4805.34,4752.31,4772.53
8-January-2020,4762.16,4786.50,4725.67,4783.50
9-January-2020,4804.11,4857.83,4804.11,4850.46
10-January-2020,4862.48,4893.53,4859.48,4866.35
13-January-2020,4875.62,4900.65,4875.22,4896.91
14-January-2020,4906.31,4936.39,4900.34,4932.13
15-January-2020,4938.14,4979.80,4928.58,4977.09
16-January-2020,4983.79,5019.03,4981.18,5015.13
17-January-2020,5017.28,5049.26,5007.86,5041.89
20-January-2020,5058.57,5062.10,5018.20,5021.46
21-January-2020,5022.50,5033.79,5003.69,5014.82
22-January-2020,5024.77,5039.68,5001.80,5004.71
23-January-2020,5009.00,5069.02,5007.01,5064.09
24-January-2020,5062.34,5111.65,5058.51,5103.94
27-January-2020,5105.23,5145.49,5089.35,5102.84
28-January-2020,5111.75,5125.64,5072.66,5085.19
29-January-2020,5098.14,5125.25,5085.50,5090.96
30-January-2020,5097.61,5098.75,5039.57,5050.97
31-January-2020,5066.78,5071.56,5026.02,5036.11
1-February-2020,5042.27,5070.21,4911.54,4924.76
3-February-2020,4931.11,4991.50,4902.42,4977.46
4-February-2020,4993.57,5037.04,4992.97,5028.54
5-February-2020,5044.13,5098.40,5043.19,5080.80
6-February-2020,5095.14,5118.79,5080.53,5107.43
7-February-2020,5124.29,5151.50,5113.19,5147.72
10-February-2020,5160.21,5160.21,5106.74,5112.55
11-February-2020,5121.03,5141.40,5100.92,5105.33
12-February-2020,5119.93,5130.23,5099.00,5104.58
13-February-2020,5113.32,5113.50,5082.01,5096.41
14-February-2020,5103.53,5116.15,5055.92,5061.85
17-February-2020,5080.42,5080.42,5019.90,5022.23
18-February-2020,5025.21,5025.58,4949.45,4992.89
19-February-2020,5011.89,5069.62,5010.78,5065.67
20-February-2020,5078.14,5118.52,5064.08,5095.43
24-February-2020,5090.00,5090.00,5001.58,5006.89
25-February-2020,5019.00,5043.93,4974.43,4981.26
26-February-2020,4978.80,4978.80,4909.85,4918.88
27-February-2020,4926.92,4927.04,4845.32,4882.22
28-February-2020,4837.29,4837.29,4692.24,4731.44
2-March-2020,4775.35,4836.31,4680.33,4702.51
3-March-2020,4728.74,4797.49,4716.03,4785.72
4-March-2020,4800.42,4804.25,4646.73,4712.77
5-March-2020,4730.39,4751.83,4689.69,4721.98
6-March-2020,4647.86,4647.86,4535.73,4628.34
9-March-2020,4592.72,4592.72,4375.36,4431.06
11-March-2020,4441.22,4488.83,4383.77,4400.29
12-March-2020,4303.81,4303.81,4013.68,4056.81
13-March-2020,3907.52,4168.63,3694.13,4147.99
16-March-2020,4082.50,4082.50,3891.30,3899.79
17-March-2020,3907.35,3950.36,3804.68,3811.71
18-March-2020,3845.81,3870.38,3589.42,3618.48
19-March-2020,3542.37,3553.87,3359.38,3482.40
20-March-2020,3498.50,3667.01,3471.88,3638.61
23-March-2020,3514.57,3514.57,3165.14,3170.86
24-March-2020,3234.89,3284.80,3122.70,3220.75
25-March-2020,3197.83,3337.62,3174.10,3336.16
26-March-2020,3385.99,3498.41,3335.10,3449.71
27-March-2020,3509.36,3580.00,3384.55,3419.46
30-March-2020,3409.93,3409.93,3310.48,3350.32
31-March-2020,3393.02,3437.60,3364.16,3428.81
1-April-2020,3446.35,3446.35,3342.30,3366.53
3-April-2020,3381.62,3381.62,3314.52,3319.09
7-April-2020,3409.41,3492.40,3396.03,3489.42
8-April-2020,3504.86,3643.28,3470.51,3546.47
9-April-2020,3595.90,3657.14,3592.11,3649.53
13-April-2020,3683.51,3683.51,3562.69,3610.55
15-April-2020,3659.38,3730.76,3630.55,3660.40
16-April-2020,3656.77,3727.82,3636.36,3716.15
17-April-2020,3788.37,3840.01,3765.96,3796.75
20-April-2020,3847.79,3860.19,3796.64,3811.91
21-April-2020,3787.64,3787.64,3688.48,3701.04
22-April-2020,3714.70,3740.03,3657.47,3731.78
23-April-2020,3766.67,3826.86,3760.63,3776.12
24-April-2020,3769.83,3769.83,3709.16,3713.35
27-April-2020,3753.74,3785.85,3750.06,3781.41
28-April-2020,3807.29,3830.58,3775.68,3815.55
29-April-2020,3839.67,3868.42,3830.92,3863.25
30-April-2020,3900.13,3959.86,3900.05,3931.93
4-May-2020,3887.01,3887.01,3765.44,3775.70
5-May-2020,3813.17,3842.52,3747.92,3750.73
6-May-2020,3764.71,3796.30,3723.84,3781.41
7-May-2020,3784.88,3811.93,3760.95,3765.58
8-May-2020,3798.02,3813.49,3751.53,3756.86
11-May-2020,3781.32,3806.36,3770.25,3776.03
12-May-2020,3783.50,3783.50,3702.96,3749.70
13-May-2020,3854.30,3861.93,3785.60,3817.62
14-May-2020,3819.47,3831.67,3789.96,3800.12
15-May-2020,3819.91,3819.91,3777.23,3789.77
18-May-2020,3809.41,3809.41,3647.93,3650.67
19-May-2020,3678.17,3707.68,3656.81,3664.75
20-May-2020,3674.55,3721.11,3663.94,3715.13
21-May-2020,3738.27,3775.38,3731.80,3742.05
22-May-2020,3752.60,3766.25,3701.59,3728.52
26-May-2020,3754.44,3778.12,3745.15,3773.88
27-May-2020,3789.93,3792.74,3747.67,3784.16
28-May-2020,3800.36,3842.90,3796.73,3838.77
29-May-2020,3837.15,3905.19,3827.81,3890.65
1-June-2020,3945.17,4013.36,3936.96,4000.64
2-June-2020,4035.37,4061.93,4022.11,4058.11
3-June-2020,4101.07,4134.29,4069.45,4080.29
4-June-2020,4092.61,4124.67,4047.68,4075.40
5-June-2020,4106.73,4146.96,4094.55,4142.69
8-June-2020,4189.45,4210.61,4145.20,4155.87
9-June-2020,4184.57,4202.08,4120.52,4135.12
10-June-2020,4147.86,4185.89,4136.13,4179.61
11-June-2020,4194.84,4215.96,4120.59,4126.10
12-June-2020,4036.81,4162.01,4005.11,4155.33
15-June-2020,4166.16,4192.64,4113.49,4120.13
16-June-2020,4164.90,4190.61,4078.98,4136.88
17-June-2020,4136.05,4169.89,4124.41,4151.54
18-June-2020,4155.39,4202.17,4149.43,4197.46
19-June-2020,4220.77,4251.78,4209.48,4250.08
22-June-2020,4285.77,4336.48,4284.87,4323.62
23-June-2020,4349.83,4391.80,4326.66,4386.41
24-June-2020,4418.94,4432.37,4328.57,4338.16
25-June-2020,4309.21,4386.66,4290.28,4383.01
26-June-2020,4410.28,4425.70,4379.21,4384.44
29-June-2020,4373.35,4373.76,4305.07,4318.28
30-June-2020,4338.61,4354.43,4294.14,4301.90
1-July-2020,4304.01,4322.24,4286.49,4313.88
2-July-2020,4333.68,4368.02,4333.29,4362.39
3-July-2020,4388.16,4402.71,4367.71,4389.85
6-July-2020,4413.65,4456.97,4413.28,4454.32
7-July-2020,4466.22,4480.69,4435.06,4475.15
8-July-2020,4490.69,4505.85,4436.09,4445.29
9-July-2020,4465.13,4473.48,4444.87,4456.85
10-July-2020,4446.74,4469.19,4404.94,4430.03
13-July-2020,4461.82,4468.98,4410.66,4422.10
14-July-2020,4417.32,4417.32,4348.39,4368.98
15-July-2020,4389.41,4416.58,4349.70,4356.59
16-July-2020,4372.36,4381.16,4313.30,4377.32
17-July-2020,4389.09,4437.38,4384.30,4432.20
20-July-2020,4449.03,4483.70,4448.04,4475.04
21-July-2020,4506.09,4515.80,4471.78,4475.78
22-July-2020,4485.65,4508.60,4455.40,4478.69
23-July-2020,4486.96,4518.23,4483.72,4509.13
24-July-2020,4496.87,4507.45,4464.18,4495.08
27-July-2020,4504.97,4507.81,4440.32,4447.84
28-July-2020,4461.61,4485.56,4459.06,4481.39
29-July-2020,4495.47,4538.68,4491.82,4506.52
30-July-2020,4513.44,4532.10,4469.64,4475.78
31-July-2020,4483.99,4506.40,4466.22,4494.37
3-August-2020,4500.87,4532.55,4494.84,4500.14
4-August-2020,4530.58,4552.66,4517.86,4544.08
5-August-2020,4571.05,4599.24,4554.56,4561.88
6-August-2020,4585.96,4615.26,4576.09,4609.22
7-August-2020,4625.44,4677.39,4621.31,4669.66
10-August-2020,4709.01,4730.35,4701.44,4717.47
11-August-2020,4743.13,4750.92,4697.12,4700.81
12-August-2020,4702.21,4706.70,4673.89,4698.53
13-August-2020,4717.53,4776.56,4717.23,4771.48
14-August-2020,4786.49,4808.22,4705.24,4735.40
17-August-2020,4763.08,4774.48,4727.07,4761.53
18-August-2020,4778.38,4827.94,4775.37,4822.48
19-August-2020,4850.01,4872.49,4847.66,4860.10
20-August-2020,4850.62,4897.87,4827.23,4893.21
21-August-2020,4922.02,4962.21,4921.70,4930.33
24-August-2020,4958.69,4997.82,4957.82,4977.41
25-August-2020,5011.13,5021.40,4969.71,4998.97
26-August-2020,5011.97,5033.30,5011.41,5017.98
27-August-2020,5041.53,5055.27,5020.13,5025.23
28-August-2020,5049.98,5072.96,5039.89,5045.83
31-August-2020,5075.14,5093.47,4837.88,4861.72
1-September-2020,4852.60,4926.63,4825.99,4900.22
2-September-2020,4915.08,4984.07,4906.59,4975.82
3-September-2020,4991.96,5024.35,4991.78,5017.58
4-September-2020,4921.80,4992.40,4912.39,4941.46
7-September-2020,4944.88,4971.40,4890.23,4909.40
8-September-2020,4915.14,4929.64,4829.95,4844.68
9-September-2020,4812.45,4827.12,4756.88,4821.31
10-September-2020,4843.74,4889.32,4831.71,4869.84
11-September-2020,4875.91,4903.37,4871.24,4899.91
14-September-2020,4945.61,5055.01,4945.03,5026.81
15-September-2020,5055.53,5092.29,5052.16,5089.18
16-September-2020,5107.06,5120.04,5089.62,5105.93
17-September-2020,5096.33,5112.83,5070.44,5086.44
18-September-2020,5104.16,5121.98,5068.13,5075.92
21-September-2020,5092.47,5098.09,4885.35,4899.27
22-September-2020,4877.62,4896.00,4722.09,4824.80
23-September-2020,4852.77,4881.89,4758.09,4811.59
24-September-2020,4755.24,4759.70,4699.49,4709.91
25-September-2020,4741.74,4835.32,4727.52,4830.83
28-September-2020,4881.50,4959.00,4874.12,4953.34
29-September-2020,4987.56,4998.45,4925.67,4955.36
30-September-2020,4961.89,4978.45,4937.17,4960.37
1-October-2020,4990.82,5009.54,4982.84,4990.02
5-October-2020,5017.41,5020.53,4975.84,4986.27
6-October-2020,5010.52,5023.12,5001.21,5010.66
7-October-2020,5014.04,5016.66,4980.19,4987.32
8-October-2020,5000.59,5021.45,4962.86,4979.50
9-October-2020,4985.41,5001.43,4956.78,4962.12
12-October-2020,4980.71,4995.97,4927.70,4939.00
13-October-2020,4941.20,4957.00,4922.10,4926.45
14-October-2020,4926.13,4931.98,4892.50,4924.86
15-October-2020,4931.14,4955.82,4843.81,4850.99
16-October-2020,4865.98,4905.62,4848.44,4901.07
19-October-2020,4921.41,4936.38,4900.55,4933.98
20-October-2020,4927.00,4957.71,4916.09,4955.52
21-October-2020,4966.84,4996.68,4912.93,4960.00
22-October-2020,4955.69,5000.29,4951.53,4992.42
23-October-2020,5016.65,5038.47,5010.36,5021.92
26-October-2020,5037.96,5038.09,4945.71,4956.42
27-October-2020,4961.16,5028.65,4927.13,5025.67
28-October-2020,5036.32,5055.94,4982.48,4989.99
29-October-2020,4947.17,4984.76,4933.97,4980.11
30-October-2020,4992.50,5038.80,4964.40,5002.06
2-November-2020,5023.05,5031.11,4985.71,5010.58
3-November-2020,5029.91,5055.91,5024.92,5031.89
4-November-2020,5034.92,5062.57,5012.96,5055.47
5-November-2020,5070.97,5144.44,5070.97,5141.02
6-November-2020,5158.68,5194.95,5152.37,5167.71
9-November-2020,5212.89,5227.22,5176.44,5222.11
10-November-2020,5257.98,5260.63,5186.72,5209.41
11-November-2020,5231.29,5266.49,5189.23,5222.13
12-November-2020,5221.10,5268.83,5219.94,5260.02
13-November-2020,5256.11,5315.26,5256.01,5312.51
14-November-2020,5359.63,5365.55,5336.60,5347.01
17-November-2020,5363.75,5423.23,5363.72,5420.76
18-November-2020,5428.71,5490.77,5423.52,5488.50
19-November-2020,5481.90,5535.52,5437.10,5461.98
20-November-2020,5475.03,5524.27,5461.22,5515.11
23-November-2020,5544.18,5588.95,5542.27,5577.63
24-November-2020,5610.22,5627.26,5604.25,5620.42
25-November-2020,5641.73,5645.55,5513.50,5521.44
26-November-2020,5531.79,5563.02,5495.69,5559.45
27-November-2020,5583.36,5702.20,5580.54,5685.62
1-December-2020,5728.04,5737.47,5698.95,5730.51
2-December-2020,5753.78,5773.77,5716.78,5769.23
3-December-2020,5802.81,5810.98,5784.11,5799.74
4-December-2020,5825.97,5855.10,5775.17,5825.72
7-December-2020,5845.13,5873.12,5840.44,5868.21
8-December-2020,5901.29,5920.21,5815.03,5859.50
9-December-2020,5891.44,5901.35,5861.87,5872.62
10-December-2020,5874.26,5874.26,5781.08,5823.17
11-December-2020,5839.73,5866.78,5797.75,5842.12
14-December-2020,5855.55,5885.16,5855.55,5873.36
15-December-2020,5882.66,5885.30,5830.27,5880.56
16-December-2020,5906.49,5952.43,5906.49,5947.60
17-December-2020,5958.74,5991.28,5929.96,5942.46
18-December-2020,5960.21,5965.06,5876.52,5922.70
21-December-2020,5915.62,5922.00,5570.04,5665.74
22-December-2020,5620.69,5733.63,5498.06,5710.97
23-December-2020,5739.88,5847.48,5719.93,5843.04
24-December-2020,5873.38,5905.36,5845.49,5860.97
28-December-2020,5897.28,5932.23,5895.33,5923.73
29-December-2020,5960.09,5965.82,5887.08,5918.53
30-December-2020,5939.77,5944.54,5883.35,5941.50
31-December-2020,5950.95,5974.81,5936.02,5963.31
1-January-2021,5975.67,6043.17,5973.99,6037.01
4-January-2021,6077.77,6131.29,6042.42,6127.37
5-January-2021,6090.98,6178.51,6078.94,6174.77
6-January-2021,6196.11,6239.46,6133.73,6200.91
7-January-2021,6250.26,6310.08,6250.22,6284.12
8-January-2021,6336.44,6363.15,6314.84,6342.91
11-January-2021,6387.16,6389.84,6282.69,6324.01
12-January-2021,6322.55,6381.83,6301.93,6362.40
13-January-2021,6396.04,6417.67,6255.78,6329.10
14-January-2021,6349.81,6360.81,6300.31,6342.54
15-January-2021,6355.47,6375.38,6226.55,6277.80
18-January-2021,6293.62,6293.62,6102.21,6158.12
19-January-2021,6188.62,6292.84,6186.50,6289.65
20-January-2021,6313.86,6354.52,6291.05,6350.26
21-January-2021,6396.61,6410.92,6263.18,6287.40
22-January-2021,6297.82,6325.71,6181.99,6204.70
25-January-2021,6276.43,6289.52,6088.48,6146.35
27-January-2021,6154.61,6154.61,6046.80,6066.46
28-January-2021,6019.80,6076.25,5988.06,6026.63
29-January-2021,6086.04,6118.55,5983.56,6006.27
1-February-2021,6048.98,6187.49,5973.20,6179.57
2-February-2021,6231.24,6331.54,6230.15,6319.99
3-February-2021,6371.07,6449.58,6320.34,6414.96
4-February-2021,6443.78,6515.23,6407.46,6508.13
5-February-2021,6548.00,6572.87,6425.09,6444.88
8-February-2021,6496.71,6551.24,6496.71,6540.20
9-February-2021,6565.19,6581.37,6512.41,6533.54
10-February-2021,6549.44,6595.03,6517.04,6585.68
11-February-2021,6597.89,6618.20,6579.15,6606.84
12-February-2021,6616.77,6629.97,6559.90,6600.02
15-February-2021,6637.85,6699.52,6625.05,6677.74
16-February-2021,6720.04,6730.07,6667.05,6714.37
17-February-2021,6726.74,6766.18,6710.64,6738.25
18-February-2021,6780.51,6816.82,6758.39,6780.36
19-February-2021,6786.95,6795.65,6613.35,6680.65
22-February-2021,6714.16,6720.04,6564.15,6595.00
23-February-2021,6629.11,6673.12,6571.68,6653.61
24-February-2021,6693.70,6721.57,6633.92,6716.23
25-February-2021,6762.43,6809.64,6762.43,6801.43
26-February-2021,6717.50,6786.08,6655.29,6709.77
1-March-2021,6776.06,6825.59,6745.65,6814.66
2-March-2021,6862.68,6931.32,6848.54,6921.28
3-March-2021,6967.09,7028.05,6967.02,7024.73
4-March-2021,6981.51,7092.56,6950.41,7063.20
5-March-2021,7059.20,7073.02,6889.65,6925.32
8-March-2021,6983.14,7016.68,6945.42,6956.13
9-March-2021,6997.99,7016.77,6882.32,6935.86
10-March-2021,6983.69,7005.85,6960.09,6996.07
12-March-2021,7045.10,7067.29,6941.91,6977.05
15-March-2021,7007.33,7013.75,6862.33,6934.08
16-March-2021,6953.07,6975.18,6930.80,6953.51
17-March-2021,6958.66,6976.88,6791.41,6804.01
18-March-2021,6850.34,6903.36,6664.22,6718.87
19-March-2021,6674.08,6793.32,6542.25,6784.55
22-March-2021,6795.99,6843.34,6763.72,6833.91
23-March-2021,6865.19,6902.30,6855.66,6883.62
24-March-2021,6882.17,6908.66,6749.06,6764.82
25-March-2021,6788.96,6791.85,6576.25,6644.03
26-March-2021,6700.10,6761.98,6697.18,6745.22
30-March-2021,6793.69,6868.52,6775.47,6851.93
31-March-2021,6867.89,6878.08,6831.73,6872.06
1-April-2021,6917.84,6996.32,6895.11,6986.11
5-April-2021,6985.51,6985.76,6802.55,6889.28
6-April-2021,6919.23,6967.71,6874.77,6943.46
7-April-2021,6963.62,7033.76,6951.05,7024.55
8-April-2021,7063.44,7102.22,7038.30,7057.01
9-April-2021,7078.60,7111.89,7049.06,7074.19
12-April-2021,6966.06,6967.93,6651.55,6698.51
13-April-2021,6709.29,6826.45,6698.42,6802.35
15-April-2021,6776.26,6835.96,6717.71,6806.01
16-April-2021,6826.07,6914.16,6812.13,6884.95
19-April-2021,6729.13,6780.07,6629.85,6760.38
20-April-2021,6810.83,6877.84,6749.47,6790.41
22-April-2021,6753.69,6828.91,6739.69,6814.55
23-April-2021,6825.56,6886.77,6789.84,6830.44
26-April-2021,6865.65,6905.31,6865.65,6879.36
27-April-2021,6910.73,6980.14,6905.07,6974.07
28-April-2021,7015.34,7050.58,7011.33,7042.69
29-April-2021,7085.68,7113.86,7010.65,7030.53
30-April-2021,7012.81,7047.77,6977.92,6988.27
3-May-2021,6953.19,7042.51,6922.05,7031.60
4-May-2021,7080.92,7127.31,6993.74,7005.43
5-May-2021,7062.72,7083.60,7015.27,7070.37
6-May-2021,7117.74,7132.47,7062.34,7125.93
7-May-2021,7162.64,7171.03,7093.44,7104.69
10-May-2021,7144.43,7169.97,7130.14,7153.42
11-May-2021,7122.18,7212.39,7093.85,7201.78
12-May-2021,7220.81,7238.51,7128.02,7152.96
14-May-2021,7200.72,7200.72,7018.18,7041.49
17-May-2021,7085.70,7174.93,7050.64,7166.38
18-May-2021,7221.85,7295.04,7220.74,7283.47
19-May-2021,7303.98,7321.04,7275.85,7289.03
20-May-2021,7321.29,7332.22,7254.62,7277.67
21-May-2021,7322.12,7350.99,7302.57,7333.59
24-May-2021,7383.48,7398.20,7339.91,7378.41
25-May-2021,7431.76,7431.78,7346.78,7369.47
26-May-2021,7407.16,7420.02,7370.64,7390.82
27-May-2021,7416.24,7445.38,7388.00,7426.34
28-May-2021,7456.51,7470.11,7408.22,7416.10
31-May-2021,7440.58,7463.75,7406.72,7447.20
1-June-2021,7478.88,7490.45,7394.81,7448.86
2-June-2021,7458.92,7577.32,7451.11,7569.35
3-June-2021,7613.70,7670.28,7613.10,7650.53
4-June-2021,7686.36,7714.10,7657.11,7709.00
7-June-2021,7758.64,7798.48,7745.13,7786.97
8-June-2021,7823.75,7854.62,7755.34,7840.73
9-June-2021,7878.92,7929.10,7737.73,7779.68
10-June-2021,7808.14,7897.07,7807.75,7893.94
11-June-2021,7943.13,7949.06,7873.41,7909.62
14-June-2021,7894.32,7894.69,7699.62,7878.98
15-June-2021,7898.46,7934.20,7895.33,7915.66
16-June-2021,7917.08,7923.46,7815.70,7834.00
17-June-2021,7779.27,7849.19,7718.20,7740.46
18-June-2021,7750.85,7767.33,7505.67,7687.95
21-June-2021,7612.68,7733.87,7569.38,7729.40
22-June-2021,7786.13,7804.35,7727.82,7735.91
23-June-2021,7786.63,7787.22,7718.80,7726.16
24-June-2021,7749.02,7758.43,7687.94,7703.70
25-June-2021,7740.78,7803.43,7736.86,7794.39
28-June-2021,7837.05,7853.85,7813.63,7846.33
29-June-2021,7863.22,7884.81,7804.90,7821.55
30-June-2021,7860.20,7874.06,7843.86,7848.75
1-July-2021,7880.64,7881.71,7832.10,7843.00
2-July-2021,7870.76,7913.90,7856.79,7907.65
5-July-2021,7951.92,7955.76,7933.22,7947.61
6-July-2021,7964.24,8011.74,7932.18,7948.33
7-July-2021,7962.80,7998.12,7942.46,7990.77
8-July-2021,8008.92,8024.81,7920.65,7950.11
9-July-2021,7947.97,7996.45,7935.11,7991.75
12-July-2021,8035.53,8056.67,8005.57,8021.07
13-July-2021,8054.18,8063.16,8029.07,8045.55
14-July-2021,8069.16,8082.05,8059.76,8070.05
15-July-2021,8094.89,8105.23,8079.80,8091.35
16-July-2021,8122.74,8130.04,8099.92,8118.71
19-July-2021,8080.55,8118.37,8032.97,8074.09
20-July-2021,8068.86,8099.92,7914.55,7969.81
22-July-2021,8026.84,8081.79,8025.32,8066.85
23-July-2021,8104.08,8124.79,8064.86,8073.24
26-July-2021,8097.10,8127.56,8057.10,8077.45
27-July-2021,8110.09,8142.03,8017.03,8038.24
28-July-2021,8062.26,8062.26,7918.10,8001.36
29-July-2021,8031.48,8066.68,8026.23,8063.34
30-July-2021,8083.79,8180.57,8072.21,8144.61
2-August-2021,8207.01,8259.30,8193.96,8252.62
3-August-2021,8280.30,8288.91,8254.31,8277.51
4-August-2021,8310.64,8319.66,8185.94,8197.83
5-August-2021,8225.29,8225.29,8119.64,8198.22
6-August-2021,8223.72,8249.82,8194.13,8200.31
9-August-2021,8222.80,8228.27,8102.57,8143.72
10-August-2021,8176.34,8189.02,7994.00,8059.20
11-August-2021,8065.31,8086.29,7869.34,8018.70
12-August-2021,8039.16,8115.64,8032.46,8109.18
13-August-2021,8135.40,8139.74,8082.33,8090.23
16-August-2021,8109.38,8110.04,8065.29,8075.06
17-August-2021,8085.67,8137.41,8061.31,8132.50
18-August-2021,8159.59,8170.97,8125.97,8141.10
20-August-2021,8094.10,8115.39,7962.32,7981.97
23-August-2021,8035.11,8067.12,7842.01,7897.21
24-August-2021,7914.50,7992.18,7909.09,7987.67
25-August-2021,8026.76,8039.74,7984.83,8010.91
26-August-2021,8033.31,8056.99,7991.52,8014.59
27-August-2021,8035.51,8102.88,8005.97,8092.64
30-August-2021,8136.95,8238.61,8132.03,8229.70
31-August-2021,8263.28,8299.06,8235.25,8290.24
1-September-2021,8329.58,8353.97,8276.02,8336.33
2-September-2021,8359.77,8424.56,8350.60,8416.47
3-September-2021,8457.67,8480.47,8404.01,8439.03
6-September-2021,8472.72,8495.23,8460.13,8480.46
7-September-2021,8508.89,8513.42,8405.69,8462.01
8-September-2021,8487.22,8506.16,8429.29,8480.30
9-September-2021,8480.27,8512.33,8462.14,8507.35
13-September-2021,8516.34,8552.45,8491.67,8548.52
14-September-2021,8589.52,8647.58,8586.56,8643.61
15-September-2021,8676.51,8726.14,8659.75,8721.57
16-September-2021,8759.20,8768.21,8699.04,8760.60
17-September-2021,8804.39,8805.53,8595.08,8648.86
20-September-2021,8606.69,8659.70,8477.89,8489.63
21-September-2021,8490.78,8546.64,8367.65,8534.40
22-September-2021,8586.08,8681.03,8570.86,8661.85
23-September-2021,8718.16,8790.23,8718.16,8779.00
24-September-2021,8827.37,8840.07,8679.58,8704.27
27-September-2021,8731.36,8748.32,8634.40,8692.62
28-September-2021,8719.84,8725.06,8554.44,8613.44
29-September-2021,8582.45,8707.10,8551.19,8690.89
30-September-2021,8724.09,8754.48,8707.39,8727.19
1-October-2021,8720.04,8742.63,8672.87,8732.84
4-October-2021,8770.40,8883.79,8770.08,8876.98
5-October-2021,8896.12,8923.64,8861.57,8909.75
6-October-2021,8954.38,8959.03,8816.25,8831.18
7-October-2021,8897.18,9008.14,8895.57,8992.73
8-October-2021,9051.29,9052.81,9002.47,9038.57
11-October-2021,9098.15,9122.71,9045.25,9073.09
12-October-2021,9113.95,9124.87,9056.35,9117.09
13-October-2021,9172.14,9270.81,9159.39,9249.63
14-October-2021,9322.30,9349.15,9280.48,9293.40
18-October-2021,9389.15,9452.30,9364.34,9391.47
19-October-2021,9460.15,9492.60,9168.77,9211.50
20-October-2021,9202.73,9203.10,8932.61,9001.73
21-October-2021,9047.04,9066.56,8876.04,8958.49
22-October-2021,8987.80,9026.39,8807.66,8874.83
25-October-2021,8929.35,8930.34,8605.21,8733.45
26-October-2021,8747.35,8916.58,8744.05,8902.35
27-October-2021,8952.71,8960.55,8886.89,8897.41
28-October-2021,8913.85,8913.85,8741.49,8766.28
29-October-2021,8733.39,8836.73,8598.19,8751.78
1-November-2021,8804.17,8904.44,8769.02,8894.90
2-November-2021,8933.47,8975.02,8922.16,8965.14
3-November-2021,9001.37,9017.80,8907.91,8948.92
4-November-2021,9020.46,9039.75,9012.17,9030.50
8-November-2021,9062.77,9134.34,8985.17,9122.56
9-November-2021,9150.29,9221.22,9130.40,9202.55
10-November-2021,9200.86,9214.45,9148.65,9156.18
11-November-2021,9170.11,9177.66,9041.05,9086.95
12-November-2021,9145.73,9152.79,9064.85,9142.11
15-November-2021,9187.38,9208.86,9148.44,9187.45
16-November-2021,9217.46,9238.07,9152.62,9169.65
17-November-2021,9172.49,9223.88,9147.10,9161.02
18-November-2021,9178.72,9192.22,8974.39,9014.65
22-November-2021,9027.66,9028.19,8663.72,8753.46
23-November-2021,8712.87,8904.04,8665.44,8892.64
24-November-2021,8944.29,8961.35,8840.14,8868.26
25-November-2021,8886.05,8938.47,8825.13,8924.26
26-November-2021,8867.28,8883.36,8636.30,8653.99
29-November-2021,8573.58,8629.98,8380.85,8568.57
30-November-2021,8591.74,8748.81,8586.32,8618.83
1-December-2021,8666.82,8710.84,8594.28,8685.06
2-December-2021,8705.73,8794.72,8681.61,8784.25
3-December-2021,8808.26,8853.28,8756.95,8772.78
6-December-2021,8782.61,8795.97,8637.61,8651.05
7-December-2021,8696.66,8765.29,8675.79,8755.71
8-December-2021,8820.00,8888.57,8812.96,8884.04
9-December-2021,8933.13,8936.29,8867.93,8923.13
10-December-2021,8927.05,8986.95,8912.33,8978.87
13-December-2021,9033.27,9060.53,8956.78,8966.67
14-December-2021,8953.76,8960.42,8869.29,8933.72
15-December-2021,8950.60,8968.57,8871.08,8880.95
16-December-2021,8930.36,8950.58,8797.97,8828.57
17-December-2021,8837.93,8838.00,8604.74,8617.79
20-December-2021,8537.17,8539.40,8199.42,8326.60
21-December-2021,8394.76,8498.76,8381.17,8446.34
22-December-2021,8497.48,8579.71,8485.56,8573.86
23-December-2021,8635.22,8662.76,8622.50,8642.86
24-December-2021,8684.99,8687.14,8543.48,8558.93
27-December-2021,8549.75,8594.45,8462.73,8587.45
28-December-2021,8629.85,8694.13,8629.08,8684.28
29-December-2021,8702.57,8725.68,8676.61,8696.57
30-December-2021,8709.72,8709.74,8659.88,8679.86
31-December-2021,8722.86,8797.01,8702.71,8791.12
3-January-2022,8824.79,8903.43,8807.40,8894.80
4-January-2022,8945.19,8945.48,8855.22,8908.72
5-January-2022,8930.14,8942.49,8876.48,8922.59
6-January-2022,8867.22,8918.38,8823.26,8914.29
7-January-2022,8943.50,8986.14,8900.05,8960.54
10-January-2022,8987.04,9042.21,8986.82,9030.40
11-January-2022,9033.00,9079.60,9010.85,9041.61
12-January-2022,9092.26,9158.26,9076.10,9151.08
13-January-2022,9183.15,9208.68,9118.05,9197.58
14-January-2022,9195.28,9228.84,9149.18,9195.88
17-January-2022,9215.53,9249.14,9201.88,9231.47
18-January-2022,9264.91,9281.43,9030.67,9056.13
19-January-2022,9041.13,9064.34,8944.31,9057.88
20-January-2022,9066.38,9088.50,9008.14,9040.30
21-January-2022,9015.23,9016.07,8792.98,8843.48
24-January-2022,8838.43,8839.48,8433.18,8518.24
25-January-2022,8448.03,8590.19,8308.75,8583.54
27-January-2022,8548.73,8549.01,8377.95,8493.22
28-January-2022,8552.88,8732.98,8551.85,8601.22
31-January-2022,8695.85,8748.99,8677.72,8732.26
1-February-2022,8821.48,8841.02,8698.21,8831.68
2-February-2022,8886.95,8939.63,8867.83,8927.44
3-February-2022,8949.36,8949.74,8824.24,8841.63
4-February-2022,8857.62,8866.68,8767.22,8781.02
7-February-2022,8817.65,8821.79,8675.25,8708.04
8-February-2022,8757.19,8759.52,8565.01,8649.04
9-February-2022,8686.26,8744.03,8665.00,8735.96
10-February-2022,8777.42,8778.79,8697.97,8760.35
11-February-2022,8712.49,8712.60,8582.53,8596.28
14-February-2022,8412.51,8433.21,8245.06,8264.25
15-February-2022,8293.97,8484.22,8181.33,8475.58
16-February-2022,8545.13,8559.63,8447.69,8467.60
17-February-2022,8511.19,8527.75,8428.18,8443.83
18-February-2022,8409.17,8459.79,8368.55,8383.81
21-February-2022,8350.91,8373.05,8234.85,8290.32
22-February-2022,8105.37,8237.25,8080.78,8219.17
23-February-2022,8264.00,8331.47,8240.56,8252.31
24-February-2022,8021.71,8059.13,7782.73,7794.50
25-February-2022,7910.00,8115.44,7910.00,8099.19
28-February-2022,8059.75,8176.15,7951.67,8165.43
2-March-2022,8134.72,8182.85,8085.90,8128.84
3-March-2022,8214.09,8237.24,8074.33,8092.94
4-March-2022,8056.68,8056.97,7906.89,7918.52
7-March-2022,7808.42,7809.50,7635.23,7737.32
8-March-2022,7747.52,7849.91,7684.87,7835.08
9-March-2022,7913.68,8023.44,7868.11,8008.82
10-March-2022,8173.82,8189.83,8062.95,8099.09
11-March-2022,8104.86,8168.85,8058.91,8161.51
14-March-2022,8166.70,8182.70,8088.74,8166.49
15-March-2022,8203.30,8224.11,8066.75,8111.65
16-March-2022,8186.19,8273.50,8184.68,8268.98
17-March-2022,8348.54,8386.32,8348.54,8363.60
21-March-2022,8415.36,8415.36,8323.80,8336.73
22-March-2022,8358.52,8358.58,8246.51,8339.20
23-March-2022,8381.17,8417.88,8355.58,8379.58
24-March-2022,8382.16,8437.06,8362.94,8410.75
25-March-2022,8446.12,8459.02,8365.50,8391.47
28-March-2022,8405.24,8418.91,8303.12,8369.93
29-March-2022,8403.20,8445.78,8381.79,8424.21
30-March-2022,8470.04,8506.13,8462.49,8494.54
31-March-2022,8523.32,8545.44,8500.26,8518.52
1-April-2022,8543.52,8628.79,8526.74,8623.79
4-April-2022,8683.95,8744.17,8672.95,8733.26
5-April-2022,8788.04,8872.93,8763.73,8854.79
6-April-2022,8850.81,8896.75,8814.10,8878.09
7-April-2022,8905.78,8906.97,8778.40,8799.43
8-April-2022,8836.41,8899.38,8827.73,8882.43
11-April-2022,8909.62,8942.15,8901.42,8916.57
12-April-2022,8920.15,8920.15,8712.46,8789.91
13-April-2022,8831.28,8856.70,8765.59,8773.52
18-April-2022,8725.40,8725.92,8616.21,8675.50
19-April-2022,8730.70,8771.80,8513.47,8591.95
20-April-2022,8631.82,8701.53,8586.17,8621.34
21-April-2022,8673.13,8739.38,8669.90,8730.30
22-April-2022,8709.52,8739.63,8648.39,8661.41
25-April-2022,8600.17,8600.17,8490.04,8516.52
26-April-2022,8592.27,8645.95,8592.27,8639.65
27-April-2022,8609.68,8622.95,8519.19,8585.32
28-April-2022,8644.14,8657.13,8563.86,8630.05
29-April-2022,8671.35,8703.88,8578.69,8592.46
2-May-2022,8528.02,8560.67,8490.84,8541.44
4-May-2022,8589.61,8600.70,8330.95,8358.57
5-May-2022,8438.95,8464.17,8335.99,8360.31
6-May-2022,8255.86,8256.54,8135.96,8195.59
9-May-2022,8147.01,8147.92,7998.83,8047.89
10-May-2022,8041.34,8115.75,7873.94,7888.36
11-May-2022,7907.14,7962.35,7692.05,7832.04
12-May-2022,7783.59,7783.59,7595.02,7660.27
13-May-2022,7748.76,7871.14,7721.71,7740.60
16-May-2022,7801.73,7862.68,7728.07,7850.21
17-May-2022,7903.82,8049.89,7884.08,8041.74
18-May-2022,8094.81,8131.22,8011.98,8039.16
19-May-2022,7890.93,7900.55,7804.22,7834.35
20-May-2022,7942.58,7996.88,7934.95,7992.32
23-May-2022,8042.99,8073.30,7964.47,7976.01
24-May-2022,8011.77,8018.03,7902.18,7916.42
25-May-2022,7951.36,7958.04,7743.39,7749.87
26-May-2022,7786.63,7859.40,7626.02,7837.26
27-May-2022,7923.63,7962.00,7900.18,7949.06
30-May-2022,8039.11,8154.46,8036.51,8149.35
31-May-2022,8151.71,8211.88,8129.01,8168.88
1-June-2022,8191.19,8233.09,8145.69,8185.46
2-June-2022,8186.85,8210.92,8145.80,8203.80
3-June-2022,8258.56,8274.14,8077.86,8081.69
6-June-2022,8089.20,8089.20,7981.07,8054.24
7-June-2022,8041.64,8042.03,7949.51,7988.92
8-June-2022,8008.69,8037.99,7928.11,7961.38
9-June-2022,7945.66,7996.67,7907.73,7988.96
10-June-2022,7952.82,7952.82,7908.49,7930.49
13-June-2022,7815.48,7815.67,7697.57,7714.52
14-June-2022,7675.19,7789.19,7670.77,7696.47
15-June-2022,7738.65,7767.86,7711.49,7736.24
16-June-2022,7805.57,7829.88,7545.06,7554.09
17-June-2022,7516.73,7567.01,7424.07,7498.63
20-June-2022,7507.32,7514.37,7317.68,7373.52
21-June-2022,7416.40,7566.29,7416.40,7554.82
22-June-2022,7549.77,7550.92,7440.87,7449.20
23-June-2022,7472.07,7568.64,7453.84,7549.54
24-June-2022,7598.02,7663.25,7597.30,7657.04
27-June-2022,7745.13,7772.88,7727.01,7734.80
28-June-2022,7730.93,7755.65,7668.06,7751.58
29-June-2022,7699.56,7739.67,7666.64,7730.03
30-June-2022,7733.14,7765.57,7664.15,7678.89
1-July-2022,7679.06,7728.33,7600.39,7715.48
4-July-2022,7736.69,7775.92,7693.39,7769.09
5-July-2022,7792.66,7843.05,7749.61,7754.51
6-July-2022,7780.01,7897.92,7740.93,7889.43
7-July-2022,7931.41,8001.96,7930.30,7997.79
8-July-2022,8041.12,8042.62,7967.92,7998.73
11-July-2022,7998.58,8072.27,7968.39,8066.41
12-July-2022,8061.09,8072.41,8004.90,8012.97
13-July-2022,8051.03,8080.36,8027.06,8041.03
14-July-2022,8055.35,8067.94,7952.67,8003.12
15-July-2022,8030.97,8051.74,7997.58,8046.72
18-July-2022,8093.70,8161.19,8093.47,8157.53
19-July-2022,8154.60,8235.46,8134.51,8225.69
20-July-2022,8280.52,8307.53,8240.77,8250.66
21-July-2022,8264.47,8354.02,8251.31,8345.46
22-July-2022,8383.11,8396.37,8325.49,8348.41
25-July-2022,8353.67,8363.88,8313.65,8343.96
26-July-2022,8356.27,8356.27,8234.72,8243.02
27-July-2022,8250.76,8319.21,8216.59,8312.54
28-July-2022,8353.48,8386.24,8325.90,8374.31
29-July-2022,8423.49,8483.15,8421.73,8465.62
1-August-2022,8512.13,8590.51,8480.31,8585.34
2-August-2022,8585.26,8637.53,8549.58,8621.76
3-August-2022,8626.60,8630.76,8518.58,8579.44
4-August-2022,8610.61,8656.70,8482.98,8627.14
5-August-2022,8639.69,8692.44,8637.78,8654.90
8-August-2022,8670.66,8695.41,8642.16,8675.65
10-August-2022,8701.78,8718.85,8642.72,8664.78
11-August-2022,8722.07,8759.12,8719.89,8749.73
12-August-2022,8772.75,8809.88,8749.73,8793.09
16-August-2022,8827.26,8903.83,8827.26,8902.27
17-August-2022,8939.09,8963.11,8926.40,8953.81
18-August-2022,8957.76,9001.79,8945.78,8973.64
19-August-2022,8999.77,9018.21,8841.51,8863.01
22-August-2022,8838.12,8838.15,8697.98,8706.79
23-August-2022,8637.06,8796.37,8631.19,8775.76
24-August-2022,8778.50,8834.75,8769.00,8830.06
25-August-2022,8849.75,8910.31,8828.62,8839.32
26-August-2022,8883.13,8923.23,8841.44,8853.32
29-August-2022,8562.38,8796.06,8562.38,8785.80
30-August-2022,8829.65,8955.18,8829.61,8948.62
1-September-2022,8909.15,8998.94,8887.31,8974.99
2-September-2022,9003.04,9031.24,8936.18,8944.80
5-September-2022,8961.53,9021.55,8961.29,9006.82
6-September-2022,9036.18,9061.09,8994.37,9021.28
7-September-2022,8995.73,9077.59,8981.30,9072.65
8-September-2022,9119.58,9149.60,9083.76,9098.32
9-September-2022,9134.28,9189.25,9118.13,9141.09
12-September-2022,9164.64,9230.16,9163.44,9220.38
13-September-2022,9258.53,9288.37,9232.89,9241.87
14-September-2022,9104.59,9248.98,9104.25,9218.15
15-September-2022,9248.22,9297.40,9195.85,9242.56
16-September-2022,9229.97,9252.29,8945.24,9001.94
19-September-2022,8992.13,9036.27,8900.34,8990.57
20-September-2022,9041.23,9174.72,9041.23,9128.45
21-September-2022,9130.33,9194.61,9056.75,9081.47
22-September-2022,9044.49,9139.35,9003.67,9107.57
23-September-2022,9092.61,9128.09,8890.94,8906.46
26-September-2022,8821.19,8827.62,8578.89,8655.92
27-September-2022,8681.47,8738.48,8578.74,8663.13
28-September-2022,8616.38,8705.95,8590.23,8627.29
29-September-2022,8703.77,8738.68,8592.76,8667.29
30-September-2022,8642.67,8807.56,8584.02,8795.04
3-October-2022,8788.63,8816.76,8652.28,8689.20
4-October-2022,8789.84,8900.45,8789.84,8897.59
6-October-2022,8943.64,9021.33,8943.64,8996.83
7-October-2022,8992.88,9006.86,8911.04,8974.76
10-October-2022,8879.91,8920.36,8837.32,8889.22
11-October-2022,8904.92,8909.26,8722.85,8741.31
12-October-2022,8754.89,8812.48,8685.41,8800.33
13-October-2022,8796.00,8816.78,8717.55,8743.57
14-October-2022,8834.46,8869.16,8733.86,8740.11
17-October-2022,8706.43,8772.58,8656.01,8762.86
18-October-2022,8801.44,8859.53,8788.49,8851.85
19-October-2022,8873.24,8898.49,8836.93,8852.20
20-October-2022,8817.84,8840.62,8763.40,8831.03
21-October-2022,8843.13,8876.95,8751.22,8778.52
24-October-2022,8848.59,8864.78,8822.99,8828.38
25-October-2022,8833.94,8878.17,8785.83,8854.38
27-October-2022,8863.79,8921.22,8863.48,8907.60
28-October-2022,8910.81,8924.58,8832.81,8854.49
31-October-2022,8877.57,8973.72,8877.57,8968.45
1-November-2022,8981.21,9057.54,8981.21,9050.48
2-November-2022,9050.69,9090.84,9038.57,9055.11
3-November-2022,9016.76,9081.51,9009.62,9074.01
4-November-2022,9082.24,9115.11,9048.02,9065.37
7-November-2022,9103.49,9149.52,9094.39,9141.34
9-November-2022,9159.05,9175.18,9080.84,9092.43
10-November-2022,9067.85,9085.31,8970.07,9007.18
11-November-2022,9096.52,9128.33,8995.76,9012.28
14-November-2022,8999.11,9037.43,8963.14,9011.18
15-November-2022,9012.23,9029.64,8989.53,9010.29
16-November-2022,9018.68,9035.94,8924.16,8955.72
17-November-2022,8939.46,8956.04,8902.31,8917.82
18-November-2022,8930.59,8950.88,8833.09,8883.65
21-November-2022,8867.54,8898.30,8855.42,8881.06
22-November-2022,8893.52,8922.98,8890.75,8917.16
23-November-2022,8931.91,8959.42,8923.06,8934.50
24-November-2022,8949.40,8977.81,8949.40,8972.20
25-November-2022,8985.10,9051.82,8985.10,9042.68
28-November-2022,9038.08,9110.82,9035.71,9104.45
29-November-2022,9095.60,9125.34,9062.71,9075.51
30-November-2022,9078.58,9186.29,9078.46,9162.23
1-December-2022,9195.30,9251.99,9188.23,9239.10
2-December-2022,9238.39,9319.89,9237.09,9314.36
5-December-2022,9337.91,9343.14,9279.97,9316.96
6-December-2022,9292.76,9311.69,9255.95,9272.57
7-December-2022,9273.79,9295.82,9216.31,9233.75
8-December-2022,9253.98,9288.39,9236.29,9283.27
9-December-2022,9318.87,9340.97,9162.51,9235.26
12-December-2022,9222.76,9255.41,9161.54,9250.79
13-December-2022,9274.44,9283.79,9248.78,9277.94
14-December-2022,9299.76,9361.34,9297.47,9345.83
15-December-2022,9346.43,9366.38,9239.78,9258.93
16-December-2022,9199.60,9251.99,9111.53,9128.62
19-December-2022,9122.51,9173.39,9086.76,9168.64
20-December-2022,9161.77,9168.02,9076.57,9153.10
21-December-2022,9175.63,9227.22,9005.03,9025.78
22-December-2022,9035.34,9093.00,8889.50,8950.80
23-December-2022,8846.38,8889.65,8636.94,8651.94
26-December-2022,8608.31,8869.87,8585.96,8851.88
27-December-2022,8917.77,8951.24,8862.23,8933.24
28-December-2022,8938.68,8977.30,8888.48,8959.32
29-December-2022,8932.74,8976.28,8869.98,8962.94
30-December-2022,9006.98,9050.26,8993.38,9008.56
2-January-2023,9038.92,9074.85,9005.61,9068.90
3-January-2023,9076.38,9112.96,9063.34,9090.40
4-January-2023,9096.71,9111.98,8978.85,9008.33
5-January-2023,9028.27,9046.93,8983.25,9040.99
6-January-2023,9039.80,9060.87,8951.35,8979.43
9-January-2023,9025.52,9063.71,9005.84,9055.27
10-January-2023,9064.57,9064.64,8973.97,9018.85
11-January-2023,9026.28,9052.36,8986.38,9004.45
12-January-2023,9027.41,9034.92,8955.55,8986.98
13-January-2023,8995.88,9002.23,8935.59,8988.53
16-January-2023,9002.44,9035.57,8948.03,8957.66
17-January-2023,8965.22,8968.55,8899.52,8953.25
18-January-2023,8967.61,8996.45,8945.46,8990.10
19-January-2023,8970.36,8992.04,8947.85,8983.68
20-January-2023,8973.93,8990.73,8909.47,8916.41
23-January-2023,8931.60,8948.94,8901.35,8939.20
24-January-2023,8951.31,8964.50,8886.97,8900.39
25-January-2023,8886.80,8887.63,8763.24,8781.31
27-January-2023,8790.23,8814.17,8581.57,8678.06
30-January-2023,8645.29,8749.85,8615.43,8677.53
31-January-2023,8703.03,8835.19,8661.29,8817.70
1-February-2023,8880.36,8953.56,8608.98,8743.55
2-February-2023,8715.63,8805.11,8690.30,8763.77
3-February-2023,8772.68,8798.70,8642.23,8757.09
6-February-2023,8754.03,8837.03,8752.66,8827.74
7-February-2023,8830.94,8845.77,8776.93,8813.79
8-February-2023,8831.96,8897.99,8800.00,8893.30
9-February-2023,8898.39,8917.77,8870.56,8905.61
10-February-2023,8894.55,8946.93,8874.57,8924.22
13-February-2023,8923.57,8923.57,8796.17,8806.69
14-February-2023,8808.01,8825.40,8744.40,8769.39
15-February-2023,8777.34,8821.53,8762.72,8814.47
16-February-2023,8837.13,8917.93,8837.13,8897.75
17-February-2023,8883.82,8892.01,8819.92,8830.12
20-February-2023,8844.62,8866.23,8783.39,8831.79
21-February-2023,8841.04,8863.17,8791.85,8801.78
22-February-2023,8766.79,8786.74,8684.60,8714.74
23-February-2023,8719.52,8726.06,8629.16,8690.39
24-February-2023,8706.45,8740.42,8660.53,8669.65
27-February-2023,8645.93,8660.62,8538.52,8608.05
28-February-2023,8618.98,8675.12,8615.06,8657.38
1-March-2023,8663.31,8778.50,8662.78,8772.36
2-March-2023,8765.39,8784.70,8743.94,8754.32
3-March-2023,8780.00,8824.90,8780.00,8802.10
6-March-2023,8814.59,8907.64,8814.55,8863.58
8-March-2023,8832.83,8903.32,8815.50,8893.56
9-March-2023,8906.61,8924.57,8830.37,8840.44
10-March-2023,8787.41,8794.85,8715.77,8787.80
13-March-2023,8751.57,8800.74,8603.21,8626.75
14-March-2023,8611.50,8643.81,8540.01,8573.57
15-March-2023,8615.24,8650.82,8562.66,8572.65
16-March-2023,8548.59,8591.84,8460.58,8568.67
17-March-2023,8610.05,8640.35,8565.79,8592.10
20-March-2023,8568.85,8575.55,8446.81,8505.40
21-March-2023,8527.22,8557.02,8512.99,8543.71
22-March-2023,8564.78,8600.97,8562.46,8567.43
23-March-2023,8556.28,8574.48,8528.72,8536.15
24-March-2023,8535.16,8538.34,8415.87,8429.25
27-March-2023,8425.46,8437.89,8373.00,8384.34
28-March-2023,8399.60,8407.11,8318.03,8351.92
29-March-2023,8340.74,8513.85,8340.53,8495.33
31-March-2023,8506.09,8589.94,8506.09,8566.42
3-April-2023,8592.64,8610.16,8570.40,8596.73
5-April-2023,8586.00,8614.54,8576.81,8608.27
6-April-2023,8600.95,8671.23,8582.49,8662.55
10-April-2023,8678.33,8698.07,8653.99,8688.82
11-April-2023,8700.96,8747.71,8696.08,8729.81
12-April-2023,8733.62,8788.18,8732.78,8784.91
13-April-2023,8793.48,8824.56,8771.04,8802.85
17-April-2023,8773.93,8844.48,8755.87,8840.00
18-April-2023,8841.70,8905.68,8841.39,8892.60
19-April-2023,8891.14,8919.40,8861.41,8870.65
20-April-2023,8872.25,8896.51,8857.40,8862.12
21-April-2023,8866.45,8878.78,8794.18,8825.26
24-April-2023,8820.28,8860.50,8809.41,8853.32
25-April-2023,8858.61,8873.80,8838.22,8849.98
26-April-2023,8833.07,8866.52,8811.90,8862.03
27-April-2023,8857.46,8915.28,8855.48,8908.66
28-April-2023,8923.81,9021.67,8920.01,9015.21
2-May-2023,9035.42,9101.37,9034.65,9082.39
3-May-2023,9064.16,9122.97,9059.64,9106.39
4-May-2023,9120.02,9180.14,9107.40,9169.88
5-May-2023,9167.32,9188.80,9100.43,9109.13
8-May-2023,9119.67,9194.02,9118.48,9187.52
9-May-2023,9193.10,9248.86,9170.20,9184.53
10-May-2023,9199.13,9208.89,9136.77,9194.73
11-May-2023,9215.33,9248.16,9209.91,9226.23
12-May-2023,9230.92,9235.91,9186.13,9208.02
15-May-2023,9204.22,9274.86,9198.88,9255.98
16-May-2023,9285.09,9340.37,9268.35,9274.07
17-May-2023,9269.93,9299.68,9214.46,9267.41
18-May-2023,9284.12,9311.79,9197.94,9205.66
19-May-2023,9205.05,9224.35,9126.97,9200.24
22-May-2023,9186.05,9260.08,9171.66,9254.63
23-May-2023,9267.24,9310.62,9266.81,9293.99
24-May-2023,9291.37,9331.37,9263.80,9302.97
25-May-2023,9295.87,9336.24,9290.71,9327.31
26-May-2023,9322.12,9406.46,9317.21,9398.90
29-May-2023,9424.10,9448.22,9399.68,9433.83
30-May-2023,9432.91,9482.60,9431.48,9468.15
31-May-2023,9464.62,9521.36,9449.62,9507.74
1-June-2023,9513.47,9560.05,9502.95,9519.09
2-June-2023,9544.36,9576.63,9542.42,9565.69
5-June-2023,9592.06,9621.87,9587.22,9591.53
6-June-2023,9595.48,9608.64,9552.50,9601.32
7-June-2023,9629.67,9717.90,9627.66,9711.62
8-June-2023,9735.53,9747.50,9642.12,9649.77
9-June-2023,9667.79,9687.44,9624.72,9632.94
12-June-2023,9638.59,9702.76,9626.44,9696.53
13-June-2023,9713.07,9818.47,9712.93,9814.61
14-June-2023,9825.82,9849.75,9812.76,9843.34
15-June-2023,9840.60,9887.07,9833.74,9849.93
16-June-2023,9858.81,9932.06,9858.81,9919.78
19-June-2023,9940.11,9978.97,9903.12,9908.62
20-June-2023,9898.92,9949.02,9879.29,9943.76
21-June-2023,9980.23,10045.30,9978.50,10004.75
22-June-2023,10018.99,10025.23,9889.57,9914.79
23-June-2023,9914.60,9914.65,9785.62,9800.93
26-June-2023,9792.00,9901.14,9776.67,9893.58
27-June-2023,9907.11,9959.19,9907.01,9939.97
28-June-2023,9950.48,10003.11,9950.48,9988.62
30-June-2023,9996.36,10058.00,9996.36,10047.78
3-July-2023,10075.54,10106.43,10055.92,10062.86
4-July-2023,10072.07,10097.79,10027.12,10037.05
5-July-2023,10055.78,10103.84,10048.04,10097.59
6-July-2023,10107.12,10182.10,10100.68,10177.96
7-July-2023,10167.66,10186.33,10072.63,10094.31
10-July-2023,10112.88,10122.47,10035.04,10049.77
11-July-2023,10066.89,10141.93,10066.89,10120.24
12-July-2023,10142.81,10176.96,10134.88,10168.97
13-July-2023,10189.21,10221.27,10094.69,10119.12
14-July-2023,10145.99,10221.65,10145.71,10215.53
17-July-2023,10220.69,10292.29,10220.69,10261.33
18-July-2023,10275.11,10298.70,10201.56,10243.97
19-July-2023,10262.28,10313.29,10260.52,10307.20
20-July-2023,10319.52,10341.69,10315.44,10328.39
21-July-2023,10292.10,10324.65,10283.61,10301.59
24-July-2023,10308.90,10354.21,10306.45,10317.50
25-July-2023,10340.58,10378.97,10310.80,10360.59
26-July-2023,10379.95,10413.73,10378.06,10391.35
27-July-2023,10436.62,10468.22,10398.98,10426.39
28-July-2023,10440.35,10493.94,10429.68,10486.78
31-July-2023,10496.03,10628.84,10493.74,10619.08
1-August-2023,10636.20,10662.78,10616.14,10632.25
2-August-2023,10624.60,10624.76,10417.47,10504.13
3-August-2023,10486.92,10536.04,10454.45,10508.92
4-August-2023,10538.04,10608.40,10534.00,10582.34
7-August-2023,10589.81,10649.18,10587.88,10642.56
8-August-2023,10661.34,10686.11,10593.69,10670.10
9-August-2023,10677.97,10710.14,10644.51,10705.44
10-August-2023,10726.17,10736.91,10653.67,10700.24
11-August-2023,10735.94,10741.22,10665.64,10679.75
14-August-2023,10647.73,10657.28,10521.15,10639.32
16-August-2023,10620.46,10682.67,10586.30,10670.64
17-August-2023,10681.51,10734.42,10676.85,10697.72
18-August-2023,10681.44,10719.14,10640.05,10662.76
21-August-2023,10664.99,10743.82,10664.07,10739.08
22-August-2023,10765.45,10840.06,10760.63,10835.83
23-August-2023,10867.94,10919.73,10861.04,10889.00
24-August-2023,10926.14,10981.20,10907.80,10918.66
25-August-2023,10903.69,10922.50,10813.77,10829.89
28-August-2023,10841.27,10895.43,10841.24,10876.37
29-August-2023,10894.30,10936.22,10893.24,10921.19
30-August-2023,10959.78,11007.26,10953.33,10988.28
31-August-2023,11026.22,11043.99,10961.56,11007.59
1-September-2023,11016.48,11091.47,11000.61,11083.64
4-September-2023,11127.45,11195.46,11123.24,11174.91
5-September-2023,11210.41,11308.25,11205.47,11297.47
6-September-2023,11326.59,11329.16,11272.85,11300.67
7-September-2023,11312.23,11371.57,11307.32,11364.86
8-September-2023,11391.65,11464.32,11391.65,11459.02
11-September-2023,11493.99,11556.30,11493.89,11548.57
12-September-2023,11610.24,11618.15,11209.56,11219.50
13-September-2023,11189.92,11269.47,11077.37,11235.24
14-September-2023,11286.43,11359.77,11283.64,11343.10
15-September-2023,11382.47,11409.35,11339.84,11354.01
18-September-2023,11357.71,11368.62,11298.14,11302.69
20-September-2023,11268.03,11315.79,11224.15,11259.35
21-September-2023,11234.04,11292.09,11131.92,11153.94
22-September-2023,11162.94,11209.34,11082.95,11139.41
25-September-2023,11144.38,11195.20,11074.73,11178.21
26-September-2023,11184.94,11214.81,11156.73,11181.69
27-September-2023,11212.31,11278.88,11179.84,11272.38
28-September-2023,11327.90,11327.90,11136.01,11147.13
29-September-2023,11197.22,11304.63,11173.39,11270.65
3-October-2023,11291.31,11310.17,11234.64,11291.08
4-October-2023,11284.16,11284.16,11069.14,11133.21
5-October-2023,11200.42,11222.00,11125.40,11131.23
6-October-2023,11175.65,11207.31,11157.54,11200.91
9-October-2023,11046.31,11130.06,11041.44,11064.80
10-October-2023,11086.96,11212.09,11086.96,11202.26
11-October-2023,11255.55,11322.93,11255.52,11267.56
12-October-2023,11316.64,11328.00,11288.21,11298.76
13-October-2023,11275.41,11318.23,11243.27,11282.43
16-October-2023,11296.08,11328.73,11274.90,11304.84
17-October-2023,11362.06,11372.88,11327.34,11346.62
18-October-2023,11372.36,11372.36,11242.74,11262.79
19-October-2023,11229.01,11270.37,11160.17,11256.19
20-October-2023,11251.84,11251.93,11121.95,11143.93
23-October-2023,11159.96,11160.85,10826.08,10861.40
25-October-2023,10903.87,10938.40,10698.18,10798.60
26-October-2023,10745.19,10745.76,10559.13,10676.01
27-October-2023,10745.80,10881.41,10745.63,10841.01
30-October-2023,10882.41,10882.41,10757.47,10855.69
31-October-2023,10915.12,10937.05,10865.81,10877.62
1-November-2023,10901.62,10904.90,10853.41,10864.45
2-November-2023,10934.34,11001.61,10934.34,10994.47
3-November-2023,11060.97,11079.05,11035.18,11068.06
6-November-2023,11134.44,11171.84,11112.48,11165.46
7-November-2023,11190.52,11218.34,11147.60,11208.52
8-November-2023,11283.81,11323.90,11261.00,11315.25
9-November-2023,11355.20,11364.57,11312.69,11318.36
10-November-2023,11317.98,11364.79,11254.01,11355.55
12-November-2023,11465.88,11466.12,11426.70,11432.51
13-November-2023,11433.52,11449.04,11377.02,11435.07
15-November-2023,11511.97,11552.96,11505.58,11543.92
16-November-2023,11578.60,11643.91,11553.29,11617.52
17-November-2023,11614.84,11657.39,11587.86,11637.02
20-November-2023,11680.15,11683.64,11621.23,11638.30
21-November-2023,11682.28,11689.73,11636.67,11643.23
22-November-2023,11671.27,11672.23,11587.09,11638.72
23-November-2023,11677.34,11699.29,11667.28,11675.70
24-November-2023,11706.66,11723.57,11668.60,11685.30
28-November-2023,11721.51,11729.31,11677.08,11715.97
29-November-2023,11770.09,11809.83,11769.44,11800.23
30-November-2023,11837.61,11928.53,11792.49,11917.31
1-December-2023,11970.99,12044.63,11961.00,12026.57
4-December-2023,12197.69,12205.63,12108.27,12168.68
5-December-2023,12217.12,12238.62,12098.81,12183.33
6-December-2023,12221.00,12247.23,12141.87,12198.92
7-December-2023,12211.57,12256.02,12143.20,12248.84
8-December-2023,12285.43,12310.40,12137.64,12225.68
11-December-2023,12271.53,12308.36,12241.08,12300.68
12-December-2023,12350.64,12356.21,12181.82,12232.78
13-December-2023,12278.30,12368.19,12218.55,12353.09
14-December-2023,12448.90,12503.17,12424.10,12490.61
15-December-2023,12538.66,12560.17,12497.18,12508.00
18-December-2023,12529.97,12564.87,12450.13,12532.42
19-December-2023,12568.97,12573.57,12440.37,12496.74
20-December-2023,12563.49,12609.13,12074.86,12108.22
21-December-2023,11997.76,12309.91,11932.89,12296.10
22-December-2023,12378.70,12429.49,12309.91,12398.72
26-December-2023,12466.59,12490.16,12416.15,12462.39
27-December-2023,12522.67,12555.93,12441.11,12499.97
28-December-2023,12547.05,12590.34,12506.49,12583.43
29-December-2023,12617.80,12704.04,12566.73,12685.84
1-January-2024,12738.77,12789.08,12712.86,12745.44
2-January-2024,12797.09,12797.11,12593.23,12732.10
3-January-2024,12750.16,12798.57,12678.06,12758.06
4-January-2024,12824.22,12943.52,12816.16,12934.48
5-January-2024,12999.04,13023.04,12889.42,12981.38
8-January-2024,13044.85,13045.17,12859.21,12867.22
9-January-2024,12963.40,12987.01,12885.15,12902.88
10-January-2024,12938.73,12941.12,12807.94,12929.90
11-January-2024,13003.42,13045.52,12990.40,13024.21
12-January-2024,13091.24,13100.90,13034.68,13073.98
15-January-2024,13149.13,13155.34,13053.15,13135.91
16-January-2024,13177.51,13190.10,12984.98,13094.56
17-January-2024,13007.53,13082.62,12913.62,12963.55
18-January-2024,12940.12,12978.66,12643.51,12959.44
19-January-2024,13078.19,13175.03,13053.87,13161.54
20-January-2024,13247.03,13278.03,13171.07,13183.94
23-January-2024,13284.87,13284.87,12740.67,12813.49
24-January-2024,12839.79,13050.47,12686.97,13036.02
25-January-2024,13084.75,13084.87,12912.54,12981.54
29-January-2024,13059.68,13181.45,13016.14,13176.76
30-January-2024,13249.38,13265.30,13107.08,13123.38
31-January-2024,13167.14,13345.43,13139.41,13339.76
1-February-2024,13383.83,13383.94,13190.77,13276.74
2-February-2024,13356.20,13432.98,13333.41,13349.94
5-February-2024,13410.11,13467.32,13292.15,13323.29
6-February-2024,13383.94,13498.99,13312.48,13491.88
7-February-2024,13584.88,13659.13,13473.49,13640.15
8-February-2024,13742.98,13757.83,13608.72,13630.83
9-February-2024,13654.29,13654.57,13278.21,13499.74
12-February-2024,13567.99,13570.49,13132.20,13170.68
13-February-2024,13179.85,13244.94,12979.21,13226.06
14-February-2024,13100.54,13400.61,13039.49,13364.63
15-February-2024,13457.19,13518.29,13441.34,13501.94
16-February-2024,13564.91,13619.51,13539.92,13593.17
19-February-2024,13683.00,13701.12,13628.58,13648.00
20-February-2024,13678.58,13680.95,13578.10,13616.93
21-February-2024,13654.99,13667.38,13417.99,13448.27
22-February-2024,13497.72,13568.15,13332.96,13555.93
23-February-2024,13619.85,13661.70,13570.49,13607.81
26-February-2024,13643.15,13649.50,13525.36,13569.39
27-February-2024,13592.21,13638.07,13493.31,13545.62
28-February-2024,13600.51,13600.51,13284.60,13311.56
29-February-2024,13329.50,13439.67,13177.80,13403.37
1-March-2024,13491.46,13508.95,13433.43,13482.46
2-March-2024,13547.15,13582.90,13529.85,13565.21
4-March-2024,13611.79,13613.42,13512.72,13567.94
5-March-2024,13588.96,13612.30,13503.49,13527.54
6-March-2024,13541.67,13549.15,13247.13,13432.85
7-March-2024,13458.06,13548.36,13433.73,13504.17
11-March-2024,13561.76,13566.16,13434.26,13448.70
12-March-2024,13479.49,13484.17,13223.25,13293.59
13-March-2024,13317.96,13355.30,12669.15,12753.74
14-March-2024,12658.04,13055.01,12588.48,13037.58
15-March-2024,13058.63,13094.43,12828.34,12999.24
18-March-2024,13014.90,13042.11,12870.85,12973.43
19-March-2024,12994.37,12994.76,12773.81,12806.28
20-March-2024,12870.89,12883.39,12658.05,12801.00
21-March-2024,12933.09,13081.81,12932.48,13071.36
22-March-2024,13073.22,13144.11,13023.18,13136.25
26-March-2024,13108.39,13261.02,13094.59,13246.39
27-March-2024,13313.52,13324.69,13251.11,13261.90
28-March-2024,13345.03,13376.54,13272.30,13339.80
1-April-2024,13446.57,13582.20,13446.57,13574.09
2-April-2024,13622.94,13733.63,13584.02,13722.34
3-April-2024,13731.27,13828.11,13678.26,13816.52
4-April-2024,13914.67,13924.46,13768.06,13814.80
5-April-2024,13837.30,13899.53,13797.16,13876.80
8-April-2024,13974.72,13974.72,13831.25,13883.43
9-April-2024,13964.31,13964.31,13790.19,13824.09
10-April-2024,13880.95,13975.22,13854.24,13956.65
12-April-2024,13957.51,14023.86,13872.58,13883.28
15-April-2024,13402.57,13769.01,13402.57,13676.28
16-April-2024,13599.52,13743.68,13554.31,13673.93
18-April-2024,13743.14,13832.13,13606.18,13632.18
19-April-2024,13524.73,13629.99,13357.65,13590.28
22-April-2024,13705.70,13733.08,13667.87,13696.75
23-April-2024,13786.84,13811.67,13736.22,13786.43
24-April-2024,13865.23,13919.21,13844.13,13897.52
25-April-2024,13904.20,13988.02,13852.59,13977.30
26-April-2024,14025.26,14101.77,14015.72,14083.42
29-April-2024,14178.30,14189.80,14095.81,14167.92
30-April-2024,14230.79,14327.10,14221.57,14239.37
2-May-2024,14295.93,14373.10,14262.81,14358.81
3-May-2024,14420.00,14431.03,14241.19,14313.85
6-May-2024,14374.66,14377.78,14087.64,14190.99
7-May-2024,14233.39,14233.39,13841.92,13929.51
8-May-2024,13909.43,14081.63,13836.12,14038.57
9-May-2024,14082.79,14084.96,13730.06,13753.95
10-May-2024,13794.19,13876.04,13634.47,13863.20
13-May-2024,13854.19,13934.96,13609.75,13919.04
14-May-2024,13977.76,14079.27,13918.79,14070.23
15-May-2024,14131.52,14213.26,14114.07,14165.07
16-May-2024,14234.98,14335.49,14209.94,14325.69
17-May-2024,14371.10,14517.13,14353.53,14508.46
18-May-2024,14586.34,14618.84,14571.45,14587.52
21-May-2024,14611.50,14641.82,14509.68,14631.90
22-May-2024,14693.20,14720.41,14528.90,14642.43
23-May-2024,14698.99,14738.48,14627.48,14731.65
24-May-2024,14749.46,14841.77,14710.89,14751.39
27-May-2024,14836.57,14892.23,14731.45,14827.73
28-May-2024,14885.10,14893.60,14641.55,14724.37
29-May-2024,14696.42,14747.02,14622.31,14695.84
30-May-2024,14714.09,14714.09,14504.67,14525.70
31-May-2024,14608.06,14641.79,14436.16,14564.73
3-June-2024,15099.75,15136.14,14902.94,15056.81
4-June-2024,15097.03,15105.47,13328.35,13889.61
5-June-2024,14060.19,14523.65,13681.56,14483.70
6-June-2024,14654.68,14897.95,14641.57,14799.80
7-June-2024,14851.99,15015.43,14769.15,15000.96
10-June-2024,15115.42,15148.21,15008.58,15069.39
11-June-2024,15140.03,15241.49,15089.77,15176.37
12-June-2024,15243.76,15355.06,15228.39,15338.76
13-June-2024,15467.15,15472.66,15365.85,15447.39
14-June-2024,15506.48,15639.07,15469.06,15629.37
18-June-2024,15689.53,15742.08,15636.03,15731.79
19-June-2024,15783.55,15783.55,15500.66,15570.76
20-June-2024,15626.95,15710.22,15542.58,15696.91
21-June-2024,15762.29,15786.32,15635.76,15668.33
24-June-2024,15658.46,15771.93,15547.25,15742.86
25-June-2024,15798.66,15833.41,15690.47,15718.63
26-June-2024,15749.69,15780.75,15673.53,15694.64
27-June-2024,15751.41,15813.18,15608.56,15721.39
28-June-2024,15781.68,15845.46,15759.80,15803.76
1-July-2024,15868.11,15971.77,15825.85,15960.85
2-July-2024,16039.04,16039.04,15782.74,15871.26
3-July-2024,15969.45,16030.06,15915.31,16007.60
4-July-2024,16071.93,16123.50,16023.85,16103.96
5-July-2024,16128.32,16235.24,16093.18,16223.71
8-July-2024,16292.80,16305.00,16142.54,16188.37
9-July-2024,16262.08,16288.05,16158.42,16234.55
10-July-2024,16307.48,16307.48,15867.43,16189.83
11-July-2024,16262.98,16273.61,16171.51,16215.05
12-July-2024,16283.19,16303.56,16188.02,16223.36
15-July-2024,16281.25,16352.77,16184.84,16346.62
16-July-2024,16413.13,16425.81,16332.66,16355.33
18-July-2024,16359.02,16359.88,16138.15,16232.78
19-July-2024,16223.58,16223.58,15862.17,15881.86
22-July-2024,15826.06,16081.95,15736.25,16062.90
23-July-2024,16147.25,16155.98,15473.72,15985.24
24-July-2024,16032.99,16135.88,15969.49,16107.68
25-July-2024,16006.54,16099.26,15960.99,16070.66
26-July-2024,16129.03,16396.06,16120.80,16381.05
29-July-2024,16498.27,16548.82,16459.33,16531.15
30-July-2024,16585.87,16667.68,16539.83,16623.38
31-July-2024,16737.21,16742.71,16651.70,16705.42
1-August-2024,16769.49,16783.17,16503.96,16584.40
2-August-2024,16435.44,16543.08,16347.40,16454.43
5-August-2024,15871.84,16130.45,15775.80,15884.31
6-August-2024,15946.64,16190.77,15746.44,15778.54
7-August-2024,16059.64,16166.59,15925.91,16152.59
8-August-2024,16193.91,16226.46,16071.61,16086.10
9-August-2024,16229.70,16262.71,16168.34,16208.26
12-August-2024,16123.37,16270.02,16075.55,16234.39
13-August-2024,16318.96,16319.70,16061.97,16080.84
14-August-2024,16161.43,16162.84,15954.07,16011.49
16-August-2024,16131.85,16319.32,16103.12,16309.36
19-August-2024,16398.85,16441.29,16336.82,16374.04
20-August-2024,16438.50,16495.11,16386.91,16484.77
21-August-2024,16511.85,16580.09,16465.69,16567.81
22-August-2024,16658.85,16689.13,16626.65,16659.44
23-August-2024,16711.80,16713.07,16570.92,16580.69
26-August-2024,16658.54,16678.00,16607.10,16666.63
27-August-2024,16701.75,16745.67,16683.03,16730.09
28-August-2024,16793.03,16795.17,16651.20,16709.33
29-August-2024,16727.42,16730.27,16542.10,16635.75
30-August-2024,16682.77,16786.32,16662.09,16754.42
2-September-2024,16812.80,16823.88,16662.89,16715.52
3-September-2024,16752.22,16808.56,16741.99,16762.74
4-September-2024,16549.96,16753.86,16548.57,16743.79
5-September-2024,16833.07,16837.62,16777.61,16786.64
6-September-2024,16822.18,16836.03,16560.52,16584.48
9-September-2024,16565.64,16580.06,16388.75,16554.57
10-September-2024,16654.55,16761.39,16653.11,16721.80
11-September-2024,16773.63,16823.90,16662.15,16684.45
12-September-2024,16804.12,16898.27,16769.50,16884.96
13-September-2024,16941.71,17015.49,16911.31,16976.34
16-September-2024,17061.85,17061.94,16974.33,17010.70
17-September-2024,17035.25,17053.20,16948.42,16987.58
18-September-2024,17013.27,17013.67,16783.63,16861.43
19-September-2024,16957.28,17004.09,16546.16,16794.37
20-September-2024,16867.98,17049.01,16790.92,17005.22
23-September-2024,17059.17,17131.59,17008.34,17119.52
24-September-2024,17174.02,17174.55,17112.99,17149.18
25-September-2024,17172.05,17172.41,16990.71,17044.55
26-September-2024,17082.65,17094.80,16935.94,17076.38
27-September-2024,17119.99,17139.88,17071.37,17104.83
30-September-2024,17063.09,17097.38,16964.39,17051.62
1-October-2024,17074.36,17106.53,16995.79,17087.63
3-October-2024,16821.47,16980.56,16657.14,16697.93
4-October-2024,16673.73,16733.73,16391.67,16525.09
7-October-2024,16579.73,16624.92,16079.09,16206.45
8-October-2024,16069.96,16545.21,16069.59,16513.38
9-October-2024,16646.65,16775.80,16603.08,16687.21
10-October-2024,16785.28,16794.38,16617.29,16638.57
11-October-2024,16660.31,16702.44,16613.00,16691.29
14-October-2024,16722.48,16747.46,16649.71,16733.58
15-October-2024,16787.03,16801.88,16697.14,16780.63
16-October-2024,16778.58,16806.71,16678.16,16753.53
17-October-2024,16804.32,16805.30,16466.91,16476.99
18-October-2024,16425.20,16539.43,16244.99,16516.61
21-October-2024,16544.52,16594.89,16248.60,16266.28
22-October-2024,16265.20,16289.74,15834.28,15855.67
23-October-2024,15794.07,16053.02,15677.68,15923.78
24-October-2024,15938.96,15996.05,15856.62,15887.64
25-October-2024,15903.44,15923.12,15457.06,15625.31
28-October-2024,15595.46,15807.12,15565.54,15748.43
29-October-2024,15811.35,15890.31,15602.67,15876.48
30-October-2024,15877.95,15999.42,15791.36,15881.62
31-October-2024,15913.94,15913.94,15739.40,15829.65
1-November-2024,15966.47,15979.78,15923.51,15938.98
4-November-2024,15962.85,15962.85,15678.63,15756.79
5-November-2024,15736.40,15818.00,15589.52,15800.16
6-November-2024,15898.23,16160.64,15876.41,16147.49
7-November-2024,16255.86,16255.86,16029.86,16041.98
8-November-2024,16075.09,16076.60,15800.24,15831.74
11-November-2024,15813.55,15868.67,15702.98,15736.24
12-November-2024,15778.37,15875.56,15541.00,15576.83
13-November-2024,15518.82,15556.39,15133.60,15177.75
14-November-2024,15162.40,15342.56,15161.25,15246.06
18-November-2024,15292.96,15323.95,15102.54,15205.48
19-November-2024,15261.10,15474.49,15259.14,15342.75
21-November-2024,15361.24,15361.24,15152.70,15286.70
22-November-2024,15306.61,15497.93,15290.40,15488.33
25-November-2024,15724.39,15820.40,15720.46,15739.83
26-November-2024,15800.51,15843.81,15744.93,15763.85
27-November-2024,15818.13,15826.49,15701.27,15817.12
28-November-2024,15858.46,15929.09,15773.75,15808.73
29-November-2024,15837.54,15877.14,15766.86,15848.69
2-December-2024,15856.75,16028.17,15815.12,16019.58
3-December-2024,16117.86,16174.94,16092.06,16164.98
4-December-2024,16233.46,16298.99,16186.88,16287.60
5-December-2024,16371.31,16371.92,16235.69,16333.92
6-December-2024,16383.55,16420.02,16308.39,16396.06
9-December-2024,16416.21,16454.16,16373.90,16424.29
10-December-2024,16463.60,16486.71,16402.86,16478.76
11-December-2024,16506.96,16548.38,16476.80,16532.40
12-December-2024,16570.69,16570.69,16428.04,16440.74
13-December-2024,16417.22,16436.43,16170.10,16427.23
16-December-2024,16472.29,16552.06,16457.76,16537.62
17-December-2024,16538.87,16577.68,16384.36,16401.70
18-December-2024,16434.95,16434.95,16242.02,16299.08
19-December-2024,16008.78,16255.95,15998.25,16244.47
20-December-2024,16313.19,16313.37,15845.13,15862.89
23-December-2024,15936.89,15984.43,15791.81,15882.43
24-December-2024,15906.01,15947.32,15807.28,15891.16
26-December-2024,15930.73,15941.50,15791.18,15906.97
27-December-2024,15950.49,15970.70,15892.24,15898.82
30-December-2024,15912.55,15966.10,15790.50,15940.94
31-December-2024,15878.65,15997.18,15749.63,15959.78
1-January-2025,15993.13,16051.23,15918.25,16044.57
2-January-2025,16078.82,16210.66,16027.80,16200.99
3-January-2025,16244.66,16281.36,16163.07,16175.49
6-January-2025,16223.57,16241.57,15734.01,15778.97
7-January-2025,15782.92,15965.03,15782.92,15882.06
8-January-2025,15913.81,15915.73,15569.78,15715.44
9-January-2025,15719.67,15759.86,15570.19,15584.45
10-January-2025,15560.23,15569.12,15255.05,15263.42
13-January-2025,15081.60,15099.84,14587.84,14632.24
14-January-2025,14638.44,14972.94,14638.44,14943.75
15-January-2025,15034.55,15066.13,14857.34,14969.82
16-January-2025,15115.69,15209.27,15102.56,15124.73
17-January-2025,15167.19,15193.22,15049.39,15138.10
20-January-2025,15226.37,15280.21,15039.37,15240.11
21-January-2025,15287.93,15287.93,14936.32,14945.24
22-January-2025,14971.31,14979.21,14570.37,14763.69
23-January-2025,14785.56,15065.68,14755.10,15027.80
24-January-2025,15051.34,15067.24,14735.57,14769.02
27-January-2025,14653.19,14653.19,14320.07,14358.12
28-January-2025,14369.32,14426.56,14087.75,14277.02
29-January-2025,14303.71,14647.76,14303.65,14637.34
30-January-2025,14742.24,14788.91,14622.75,14670.33
31-January-2025,14709.60,14950.60,14679.36,14931.48
1-February-2025,15032.21,15040.51,14686.33,14872.10
3-February-2025,14802.91,14803.27,14614.67,14723.26
4-February-2025,14823.76,14923.38,14768.39,14915.29
5-February-2025,14983.93,15103.61,14966.64,15025.79
6-February-2025,15101.07,15101.18,14858.13,14897.66
7-February-2025,14911.54,14982.67,14762.71,14899.58
10-February-2025,14917.02,14918.08,14559.71,14600.99
11-February-2025,14577.02,14603.20,14105.22,14186.35
12-February-2025,14166.47,14204.94,13772.17,14139.10
13-February-2025,14150.97,14332.40,14119.80,14160.39
14-February-2025,14230.36,14234.46,13687.25,13812.91
17-February-2025,13703.50,13872.29,13513.94,13860.95
18-February-2025,13899.07,13899.34,13671.97,13830.27
19-February-2025,13778.60,14020.06,13693.27,14002.23
20-February-2025,13981.54,14185.05,13922.33,14175.42
21-February-2025,14187.60,14285.40,13962.80,14015.44
24-February-2025,13917.50,13932.58,13775.43,13880.75
25-February-2025,13892.59,13955.47,13790.07,13814.87
27-February-2025,13862.93,13863.01,13634.20,13685.61
28-February-2025,13577.37,13577.37,13263.05,13379.76
3-March-2025,13370.32,13449.44,13124.24,13426.02
4-March-2025,13315.70,13502.08,13176.86,13439.24
5-March-2025,13443.07,13789.95,13440.56,13785.09
6-March-2025,13919.34,13955.03,13825.17,13874.47
7-March-2025,13885.86,13955.59,13814.21,13832.66
10-March-2025,13904.65,13924.92,13599.30,13635.90
11-March-2025,13498.99,13740.87,13466.13,13714.93
12-March-2025,13753.54,13787.90,13477.16,13622.60
13-March-2025,13682.23,13687.57,13517.85,13532.88
17-March-2025,13575.42,13685.24,13538.45,13640.60
18-March-2025,13723.32,13947.64,13691.43,13934.37
19-March-2025,13995.01,14261.55,13960.66,14241.22
20-March-2025,14354.48,14371.33,14202.28,14320.60
21-March-2025,14352.47,14500.20,14295.76,14484.84
24-March-2025,14598.70,14733.97,14541.83,14677.96
25-March-2025,14801.92,14801.92,14467.31,14522.34
26-March-2025,14559.82,14634.77,14420.12,14434.24
27-March-2025,14391.02,14525.15,14330.71,14499.83
28-March-2025,14552.80,14640.62,14368.01,14418.50
1-April-2025,14416.61,14493.12,14232.02,14265.18
2-April-2025,14304.48,14474.37,14173.48,14468.58
3-April-2025,14356.53,14511.26,14343.23,14492.74
4-April-2025,14456.60,14457.89,13978.07,14059.95
7-April-2025,12903.96,13634.60,12866.17,13571.77
8-April-2025,13832.97,13931.84,13671.04,13847.10
9-April-2025,13826.77,13827.41,13595.29,13757.24
11-April-2025,14061.98,14063.32,13916.74,14025.77
15-April-2025,14255.59,14463.33,14190.51,14446.90
16-April-2025,14481.37,14537.30,14435.57,14530.01
17-April-2025,14531.17,14636.16,14454.65,14617.27
21-April-2025,14699.68,14935.27,14656.18,14919.50
22-April-2025,14970.95,15094.07,14871.08,15037.93
23-April-2025,15138.22,15179.36,14943.00,15170.53
24-April-2025,15183.88,15205.17,15135.76,15145.83
25-April-2025,15158.29,15189.85,14653.74,14770.89
28-April-2025,14722.85,14967.55,14718.12,14959.91
29-April-2025,14984.62,15101.95,14968.44,14998.79
30-April-2025,14994.05,15073.77,14852.00,14906.20
2-May-2025,14907.14,15032.65,14794.92,14833.59
5-May-2025,14891.00,15057.24,14887.25,15049.15
6-May-2025,15074.84,15094.68,14708.13,14729.46
7-May-2025,14469.87,14940.09,14469.60,14930.73
8-May-2025,14975.12,15022.64,14589.97,14660.83
9-May-2025,14258.39,14688.18,14258.17,14663.81
12-May-2025,15023.70,15216.76,15006.76,15213.91
13-May-2025,15243.15,15298.31,15167.46,15220.53
14-May-2025,15282.92,15414.06,15231.99,15401.14
15-May-2025,15468.50,15524.79,15396.56,15520.26
16-May-2025,15592.87,15667.77,15529.31,15651.20
19-May-2025,15719.88,15766.46,15598.81,15676.47
20-May-2025,15744.08,15766.35,15407.64,15428.87
21-May-2025,15439.05,15579.12,15386.14,15558.49
22-May-2025,15530.01,15568.63,15439.51,15528.23
23-May-2025,15540.19,15618.05,15493.81,15595.43
26-May-2025,15649.23,15706.43,15637.41,15669.50
27-May-2025,15695.40,15728.22,15622.86,15710.07
28-May-2025,15736.23,15777.67,15686.21,15698.73
29-May-2025,15763.99,15792.27,15697.39,15772.72
30-May-2025,15809.84,15840.25,15680.83,15707.19
2-June-2025,15704.63,15799.16,15643.09,15787.55
3-June-2025,15847.76,15850.06,15707.33,15721.84
4-June-2025,15766.46,15854.87,15692.68,15847.44
5-June-2025,15901.71,15972.82,15866.15,15943.25
6-June-2025,15978.47,16104.61,15928.67,16094.25
9-June-2025,16171.42,16256.22,16164.52,16247.79
10-June-2025,16318.92,16320.73,16214.81,16240.28
11-June-2025,16266.99,16299.64,16141.48,16203.83
12-June-2025,16239.16,16240.03,15940.95,15960.06
13-June-2025,15665.21,15931.97,15657.59,15914.77
16-June-2025,15868.77,16059.31,15755.17,16050.87
17-June-2025,16079.32,16119.10,15950.29,15967.79
18-June-2025,15965.16,16040.22,15871.43,15909.55
19-June-2025,15909.16,15940.92,15633.47,15663.03
20-June-2025,15689.29,15866.20,15648.76,15847.55
23-June-2025,15692.97,15915.56,15690.75,15886.31
24-June-2025,16015.81,16069.77,15957.93,15989.10
25-June-2025,16061.85,16082.18,16015.93,16062.78
26-June-2025,16110.33,16140.57,16023.82,16133.47
27-June-2025,16177.01,16256.22,16176.18,16211.73
30-June-2025,16282.39,16317.30,16221.20,16311.47
1-July-2025,16355.95,16362.59,16212.95,16275.19
2-July-2025,16294.10,16305.33,16172.25,16250.91
3-July-2025,16296.64,16338.44,16250.08,16265.92
4-July-2025,16295.24,16351.42,16235.03,16307.28
7-July-2025,16316.95,16325.60,16230.61,16253.23
8-July-2025,16264.87,16308.08,16165.53,16258.99
9-July-2025,16266.05,16285.79,16230.48,16260.07
10-July-2025,16276.79,16299.90,16179.31,16220.31
11-July-2025,16220.19,16236.02,16070.91,16097.70
14-July-2025,16109.13,16181.54,16055.12,16173.67
15-July-2025,16195.93,16323.25,16192.30,16315.63
16-July-2025,16336.34,16362.41,16296.76,16323.83
17-July-2025,16359.59,16382.19,16326.39,16345.94
18-July-2025,16363.45,16390.25,16221.36,16236.56
21-July-2025,16233.04,16341.16,16158.22,16331.43
22-July-2025,16352.40,16367.34,16234.64,16248.38
23-July-2025,16280.61,16293.46,16187.55,16288.15
24-July-2025,16278.58,16282.09,16176.62,16205.61
25-July-2025,16187.86,16189.35,15936.37,15946.57
28-July-2025,15930.32,16055.33,15793.39,15810.91
29-July-2025,15785.93,15951.70,15768.38,15941.50
30-July-2025,15971.31,15984.57,15901.53,15970.85
31-July-2025,15733.61,15935.60,15733.40,15856.48
1-August-2025,15844.08,15879.47,15623.46,15640.89
4-August-2025,15640.41,15840.93,15626.68,15834.50
5-August-2025,15851.81,15890.04,15748.94,15810.52
6-August-2025,15829.07,15836.81,15612.66,15653.31
7-August-2025,15582.30,15729.51,15475.68,15709.96
8-August-2025,15729.69,15732.32,15449.94,15471.00
11-August-2025,15460.51,15591.93,15406.97,15573.88
12-August-2025,15600.73,15633.09,15528.98,15539.38
13-August-2025,15606.54,15653.21,15568.39,15621.71
14-August-2025,15668.85,15691.75,15584.45,15609.68
18-August-2025,15762.02,15888.14,15761.63,15813.19
19-August-2025,15851.67,15971.02,15775.55,15964.77
20-August-2025,15988.79,16046.86,15940.75,16026.46
21-August-2025,16073.27,16089.96,15979.76,15986.14
22-August-2025,16000.47,16027.33,15933.06,15940.58
25-August-2025,15998.39,16043.37,15966.99,15973.73
26-August-2025,15945.72,15958.84,15743.64,15773.45
28-August-2025,15747.17,15781.66,15582.78,15595.08
29-August-2025,15610.17,15661.05,15499.96,15525.18
1-September-2025,15580.16,15803.51,15574.44,15799.05
2-September-2025,15832.14,15908.90,15759.42,15842.26
3-September-2025,15872.43,15949.73,15852.21,15942.78
4-September-2025,16094.12,16101.87,15819.67,15838.52
5-September-2025,15874.42,15940.15,15756.48,15827.79
8-September-2025,15877.63,15959.21,15824.74,15891.11
9-September-2025,15917.70,15948.76,15874.76,15922.35
10-September-2025,15990.38,16094.84,15989.27,16084.26
11-September-2025,16113.27,16136.23,16082.29,16107.69
12-September-2025,16156.75,16179.09,16111.13,16128.56
15-September-2025,16156.43,16201.68,16131.69,16190.17
16-September-2025,16212.99,16307.47,16198.33,16298.11
17-September-2025,16335.96,16362.59,16294.79,16330.34
18-September-2025,16359.99,16391.72,16295.79,16377.28
19-September-2025,16402.95,16421.35,16356.20,16378.32
22-September-2025,16294.31,16400.45,16244.91,16283.61
23-September-2025,16302.49,16323.95,16194.32,16249.76
24-September-2025,16256.47,16260.58,16097.47,16107.65
25-September-2025,16110.94,16172.41,15988.21,16004.73
26-September-2025,15960.87,15984.78,15670.85,15680.22
29-September-2025,15709.80,15804.16,15652.29,15727.21
30-September-2025,15769.20,15782.96,15637.32,15728.66
1-October-2025,15728.66,15875.27,15706.30,15866.03
3-October-2025,15887.50,16011.37,15873.87,16003.80
6-October-2025,16009.59,16108.35,15967.93,16099.50
7-October-2025,16117.56,16181.22,16106.82,16171.31
8-October-2025,16179.10,16199.71,16033.28,16047.58
9-October-2025,16085.92,16176.19,16062.06,16168.55
10-October-2025,16176.75,16249.23,16150.92,16214.29
13-October-2025,16145.67,16204.96,16111.17,16189.39
14-October-2025,16218.14,16247.51,16048.95,16072.76
15-October-2025,16111.87,16254.90,16108.23,16237.04
16-October-2025,16280.15,16325.70,16245.60,16309.42
17-October-2025,16317.93,16318.41,16176.98,16216.41
20-October-2025,16270.74,16339.83,16261.66,16310.67
21-October-2025,16373.71,16397.46,16326.14,16345.98
23-October-2025,16388.87,16437.70,16314.26,16335.09
24-October-2025,16363.99,16406.74,16253.22,16293.61
27-October-2025,16337.59,16422.71,16323.61,16417.80
28-October-2025,16441.12,16468.53,16367.46,16427.35
29-October-2025,16441.06,16534.17,16401.42,16517.10
30-October-2025,16555.97,16555.97,16424.40,16487.36
31-October-2025,16488.96,16545.01,16389.75,16402.44
3-November-2025,16423.04,16528.04,16388.12,16507.07
4-November-2025,16520.73,16533.82,16424.42,16442.14
6-November-2025,16456.59,16464.91,16254.76,16269.67
7-November-2025,16227.51,16336.13,16086.63,16319.09
10-November-2025,16315.78,16448.66,16315.78,16407.15
11-November-2025,16458.62,16483.45,16334.14,16476.19
12-November-2025,16508.98,16598.78,16503.11,16587.25
13-November-2025,16605.48,16638.37,16516.29,16526.61
14-November-2025,16534.87,16582.73,16455.54,16520.79
17-November-2025,16562.14,16641.34,16559.70,16637.02
18-November-2025,16647.66,16650.73,16506.09,16523.66
19-November-2025,16516.97,16576.11,16484.12,16562.22
20-November-2025,16610.28,16620.15,16543.01,16560.59
21-November-2025,16537.79,16541.20,16363.95,16377.27
24-November-2025,16385.37,16415.30,16289.15,16319.58
25-November-2025,16321.82,16359.54,16285.57,16344.91
26-November-2025,16377.26,16550.58,16356.69,16542.74
27-November-2025,16580.21,16592.00,16477.85,16534.72
28-November-2025,16551.17,16552.94,16496.49,16523.05
1-December-2025,16572.97,16588.42,16474.52,16516.63
2-December-2025,16517.05,16564.17,16457.90,16497.51
3-December-2025,16498.03,16507.59,16318.99,16355.05
4-December-2025,16357.44,16428.34,16323.69,16339.29
5-December-2025,16334.47,16397.43,16267.61,16383.23
8-December-2025,16359.20,16386.51,16015.37,16084.46
9-December-2025,16035.71,16181.19,15859.62,16171.48
10-December-2025,16189.77,16244.35,16004.57,16026.26
11-December-2025,16031.75,16156.21,15989.32,16142.15
12-December-2025,16175.79,16338.53,16175.08,16325.24
15-December-2025,16288.75,16335.14,16213.53,16328.14
16-December-2025,16311.83,16311.83,16167.99,16200.61
17-December-2025,16192.91,16251.26,16075.14,16110.30
18-December-2025,16120.65,16152.62,15975.76,16128.89
19-December-2025,16133.55,16326.83,16133.55,16313.02
22-December-2025,16348.14,16452.59,16323.85,16439.52
23-December-2025,16456.90,16472.30,16386.96,16456.11
24-December-2025,16475.60,16521.46,16378.94,16392.47
